Date,Bullish,Neutral,Bearish,Total,S&P 500 Weekly High,S&P 500 Weekly Low,S&P 500 Weekly Close
4/28/2016,0.273663,0.440329,0.286008,1,2111.050049,2077.52002,2095.149902
4/21/2016,0.334052,0.426724,0.239224,1,2111.050049,2065.919922,2102.399902
4/14/2016,0.278481,0.472574,0.248945,1,2083.179932,2033.800049,2082.419922
4/7/2016,0.321918,0.46347,0.214612,1,2075.070068,2042.560059,2066.659912
3/31/2016,0.271805,0.470588,0.257606,1,2072.209961,2022.48999,2063.949951
3/24/2016,0.337808,0.425056,0.237136,1,2056.600098,2010.040039,2036.709961
3/17/2016,0.299587,0.431818,0.268595,1,2032.02002,1969.25,2027.219
3/10/2016,0.373576,0.382688,0.243736,1,2009.13,1968.8,1989.26
3/3/2016,0.320158,0.387352,0.29249,1,1986.51,1891,1986.45
2/25/2016,0.311947,0.373894,0.314159,1,1946.7,1871.44,1929.8
2/18/2016,0.275605,0.346369,0.378026,1,1930.68,1810.1,1926.82
2/11/2016,0.192385,0.320641,0.486974,1,1935.26,1828.46,1851.86
2/4/2016,0.275472,0.377358,0.34717,1,1947.2,1872.23,1912.53
1/28/2016,0.297535,0.302817,0.399648,1,1916.99,1812.29,1882.95
1/21/2016,0.21521,0.297735,0.487055,1,1950.33,1812.29,1859.33
1/14/2016,0.178988,0.365759,0.455253,1,2021.94,1886.41,1890.28
1/7/2016,0.221739,0.395652,0.382609,1,2081.56,1979.05,1990.26
12/31/2015,0.250729,0.51312,0.236152,1,2081.56,2005.93,2063.36
12/24/2015,0.263804,0.421268,0.314928,1,2076.72,1993.26,2064.29
12/17/2015,0.238663,0.367542,0.393795,1,2080.33,1993.26,2073.07
12/10/2015,0.285057,0.416092,0.298851,1,2104.27,2036.53,2047.62
12/3/2015,0.294931,0.493088,0.211982,1,2104.27,2070.29,2079.51
11/26/2015,0.323601,0.416058,0.260341,1,2097.06,2051.99,2090.11
11/19/2015,0.307692,0.386813,0.305495,1,2086.94,2019.39,2083.58
11/12/2015,0.342723,0.42723,0.230047,1,2116.48,2068.24,2075
11/5/2015,0.39,0.424,0.186,1,2116.48,2058.84,2102.31
10/29/2015,0.403922,0.390196,0.205882,1,2090.35,2017.22,2090.35
10/22/2015,0.347656,0.412109,0.240234,1,2039.12,1990.73,2018.94
10/15/2015,0.340816,0.387755,0.271429,1,2022.34,1971.99,1994.24
10/8/2015,0.375238,0.342857,0.281905,1,1999.31,1871.91,1995.83
10/1/2015,0.281059,0.319756,0.399185,1,1979.64,1871.91,1884.09
9/24/2015,0.321199,0.391863,0.286938,1,2020.86,1939.19,1966.97
9/17/2015,0.332645,0.376033,0.291322,1,1997.26,1927.3,1995.31
9/10/2015,0.346499,0.303411,0.35009,1,1988.63,1903.07,1942.04
9/3/2015,0.323843,0.359431,0.316726,1,1993.48,1867.08,1948.86
8/27/2015,0.325,0.292308,0.382692,1,2103.47,1867.01,1940.51
8/20/2015,0.268199,0.398467,0.333333,1,2103.47,2052.09,2079.61
8/13/2015,0.304519,0.333988,0.361493,1,2112.66,2052.09,2086.05
8/6/2015,0.243187,0.440252,0.316562,1,2114.24,2063.52,2099.84
7/30/2015,0.211055,0.38191,0.407035,1,2132.82,2063.52,2108.57
7/23/2015,0.3254,0.4187,0.256,1,2132.82,2102.49,2114.15
7/16/2015,0.308108,0.459459,0.232432,1,2114.14,2044.02,2107.4
7/9/2015,0.27907,0.429175,0.291755,1,2098.63,2044.02,2046.68
7/2/2015,0.226121,0.423002,0.350877,1,2128.03,2056.32,2077.42
6/25/2015,0.355556,0.427778,0.216667,1,2129.87,2082.1,2108.58
6/18/2015,0.254083,0.402904,0.343013,1,2115.02,2072.14,2100.44
6/11/2015,0.200375,0.473783,0.325843,1,2121.92,2072.14,2105.2
6/4/2015,0.273399,0.480296,0.246305,1,2126.22,2099.14,2114.07
5/28/2015,0.270019,0.478585,0.251397,1,2134.72,2099.18,2123.48
5/21/2015,0.252119,0.497881,0.25,1,2134.72,2085.57,2125.85
5/14/2015,0.267442,0.468992,0.263566,1,2117.69,2067.93,2098.48
5/7/2015,0.270563,0.461039,0.268398,1,2120.95,2067.93,2080.15
4/30/2015,0.308362,0.472125,0.219512,1,2125.92,2091.05,2106.85
4/23/2015,0.3147,0.453416,0.231884,1,2111.91,2072.37,2107.96
4/16/2015,0.320675,0.451477,0.227848,1,2111.91,2073.3,2106.63
4/9/2015,0.287016,0.471526,0.241458,1,2089.81,2048.38,2081.9
4/2/2015,0.353952,0.32646,0.319588,1,2107.63,2045.5,2059.69
3/26/2015,0.384298,0.371901,0.243802,1,2114.86,2061.05,2061.05
3/19/2015,0.271605,0.41358,0.314815,1,2106.85,2039.69,2099.5
3/12/2015,0.315961,0.429967,0.254072,1,2115.76,2039.69,2040.24
3/5/2015,0.398026,0.368421,0.233553,1,2119.59,2087.62,2098.53
2/26/2015,0.453731,0.343284,0.202985,1,2119.59,2085.44,2113.86
2/19/2015,0.470199,0.350993,0.178808,1,2101.3,2041.88,2099.68
2/12/2015,0.4,0.396721,0.203279,1,2073.48,2022.71,2068.53
2/5/2015,0.354949,0.320819,0.324232,1,2057.62,1980.9,2050.03
1/29/2015,0.441718,0.334356,0.223926,1,2064.62,2001.49,2002.16
1/22/2015,0.371429,0.320635,0.307937,1,2056.93,1988.12,2032.12
1/15/2015,0.461059,0.323988,0.214953,1,2064.43,1988.44,2011.27
1/8/2015,0.410072,0.31295,0.276978,1,2093.55,1992.44,2025.9
1/1/2015,0.517375,0.289575,0.19305,1,2093.55,2017.34,2020.58
12/25/2014,0.509434,0.301887,0.188679,1,2093.55,2018.98,2090.57
12/18/2014,0.387352,0.343874,0.268775,1,2060.6,2002.33,2012.89
12/11/2014,0.450172,0.32646,0.223368,1,2079.47,2024.26,2026.14
12/4/2014,0.426778,0.313808,0.259414,1,2076.28,2049.57,2074.33
11/27/2014,0.521452,0.270627,0.207921,1,2075.76,2040.37,2067.56
11/20/2014,0.491176,0.270588,0.238235,1,2056.08,2030.44,2048.72
11/13/2014,0.57931,0.227586,0.193103,1,2041.28,2001.01,2038.25
11/6/2014,0.526882,0.322581,0.150538,1,2024.46,1964.14,2023.57
10/30/2014,0.493711,0.295597,0.210692,1,1991.4,1909.38,1982.3
10/23/2014,0.496875,0.278125,0.225,1,1949.31,1820.66,1927.11
10/16/2014,0.42663,0.236413,0.336957,1,1970.36,1820.66,1862.49
10/9/2014,0.398773,0.291411,0.309816,1,1985.17,1925.25,1968.89
10/2/2014,0.354167,0.336806,0.309028,1,1999.79,1941.72,1946.16
9/25/2014,0.418367,0.29932,0.282313,1,2019.26,1978.63,1998.3
9/18/2014,0.42236,0.347826,0.229814,1,2010.74,1978.48,2001.57
9/11/2014,0.403846,0.330128,0.266026,1,2011.17,1982.99,1995.69
9/4/2014,0.446746,0.313609,0.239645,1,2009.28,1990.52,2000.72
8/28/2014,0.519231,0.288462,0.192308,1,2005.04,1972.73,2000.12
8/21/2014,0.461078,0.302395,0.236527,1,1988.57,1928.29,1986.51
8/14/2014,0.398119,0.332288,0.269592,1,1936.34,1904.78,1946.72
8/7/2014,0.308869,0.308869,0.382263,1,1984.85,1911.45,1920.24
7/31/2014,0.311224,0.377551,0.311224,1,1991.39,1962.42,1970.07
7/24/2014,0.296296,0.404321,0.299383,1,1989.23,1955.59,1987.01
7/17/2014,0.323625,0.391586,0.28479,1,1983.94,1952.86,1981.57
7/10/2014,0.376404,0.337079,0.286517,1,1985.59,1958.22,1972.83
7/3/2014,0.385075,0.391045,0.223881,1,1978.58,1944.69,1974.62
6/26/2014,0.372208,0.416873,0.210918,1,1968.17,1933.55,1959.53
6/19/2014,0.351744,0.406977,0.241279,1,1957.74,1925.78,1956.98
6/12/2014,0.446875,0.340625,0.2125,1,1955.55,1918.6,1943.89
6/5/2014,0.395062,0.382716,0.222222,1,1928.63,1902.01,1927.88
5/29/2014,0.364641,0.403315,0.232044,1,1914.46,1868.14,1909.78
5/22/2014,0.304348,0.431677,0.263975,1,1902.17,1862.36,1888.03
5/15/2014,0.33121,0.442675,0.226115,1,1902.17,1859.79,1888.53
5/8/2014,0.283439,0.429936,0.286624,1,1891.33,1859.79,1878.21
5/1/2014,0.297735,0.407767,0.294498,1,1885.2,1850.61,1883.95
4/24/2014,0.345029,0.394737,0.260234,1,1884.89,1815.8,1875.39
4/17/2014,0.272171,0.385321,0.342508,1,1872.53,1814.36,1862.31
4/10/2014,0.284768,0.374172,0.34106,1,1897.28,1837.49,1872.18
4/3/2014,0.353571,0.378571,0.267857,1,1893.17,1842.11,1890.9
3/27/2014,0.311615,0.402266,0.286119,1,1883.97,1849.69,1852.56
3/20/2014,0.367816,0.37069,0.261494,1,1882.35,1839.57,1860.77
3/13/2014,0.413408,0.318436,0.268156,1,1883.57,1849.23,1868.2
3/6/2014,0.405099,0.328612,0.266289,1,1876.53,1834.44,1873.81
2/27/2014,0.396907,0.391753,0.21134,1,1858.71,1824.58,1845.16
2/20/2014,0.422,0.35,0.228,1,1847.5,1826.99,1828.75
2/13/2014,0.401478,0.325123,0.273399,1,1826.55,1737.92,1819.26
2/6/2014,0.27896,0.356974,0.364066,1,1798.77,1737.92,1751.64
1/30/2014,0.321839,0.350575,0.327586,1,1850.84,1815.52,1844.86
1/23/2014,0.381201,0.381201,0.237598,1,1850.84,1815.52,1844.86
1/16/2014,0.38992,0.395225,0.214854,1,1850.84,1815.52,1848.38
1/9/2014,0.43617,0.31383,0.25,1,1849.44,1823.73,1837.49
1/2/2014,0.430894,0.276423,0.292683,1,1849.44,1810.25,1848.36
12/26/2013,0.550562,0.264045,0.185393,1,1833.32,1767.99,1833.32
12/19/2013,0.474576,0.274576,0.250847,1,1811.08,1767.99,1810.65
12/12/2013,0.412651,0.337349,0.25,1,1811.52,1779.09,1782.22
12/5/2013,0.426415,0.298113,0.275472,1,1813.55,1779.09,1792.81
11/28/2013,0.473016,0.244444,0.28254,1,1808.42,1777.23,1807.23
11/21/2013,0.343931,0.361272,0.294798,1,1802.33,1760.64,1781.37
11/14/2013,0.391975,0.333333,0.274691,1,1782,1746.2,1782
11/7/2013,0.454829,0.327103,0.218069,1,1775.22,1752.7,1770.49
10/31/2013,0.449664,0.33557,0.214765,1,1775.22,1740.5,1763.31
10/24/2013,0.492013,0.332268,0.175719,1,1759.33,1695.93,1746.38
10/17/2013,0.462783,0.288026,0.249191,1,1721.76,1646.47,1721.54
10/10/2013,0.413284,0.250923,0.335793,1,1696.55,1646.47,1656.4
10/3/2013,0.378378,0.320946,0.300676,1,1725.23,1674.99,1693.87
9/26/2013,0.360544,0.333333,0.306122,1,1729.86,1691.7,1692.77
9/19/2013,0.451128,0.25188,0.296992,1,1729.44,1674.32,1725.52
9/12/2013,0.45515,0.299003,0.245847,1,1689.13,1633.41,1689.13
9/5/2013,0.3553,0.3322,0.3125,1,1655.72,1628.05,1653.08
8/29/2013,0.335404,0.357143,0.307453,1,1669.51,1627.47,1634.96
8/22/2013,0.289575,0.281853,0.428571,1,1696.81,1639.43,1642.8
8/15/2013,0.34507,0.373239,0.28169,1,1705.79,1682.62,1685.39
8/8/2013,0.394984,0.338558,0.266458,1,1709.67,1682.42,1690.91
8/1/2013,0.356164,0.393836,0.25,1,1698.78,1676.03,1685.73
7/25/2013,0.451178,0.323232,0.225589,1,1698.78,1671.84,1685.94
7/18/2013,0.477352,0.310105,0.212544,1,1684.75,1642.89,1680.91
7/11/2013,0.489362,0.32766,0.182979,1,1657.92,1604.57,1652.62
7/4/2013,0.419929,0.341637,0.238434,1,1632.07,1592.27,1631.89
6/27/2013,0.302752,0.345566,0.351682,1,1654.19,1560.33,1603.26
6/20/2013,0.374532,0.325843,0.299625,1,1654.19,1608.07,1628.93
6/13/2013,0.32973,0.324324,0.345946,1,1648.69,1598.23,1612.52
6/6/2013,0.294737,0.315789,0.389474,1,1674.21,1607.09,1608.9
5/30/2013,0.359684,0.343874,0.296443,1,1663.52,1636.42,1648.36
5/23/2013,0.489726,0.294521,0.215753,1,1687.18,1633.75,1655.35
5/16/2013,0.384858,0.321767,0.293375,1,1661.49,1616.64,1658.78
5/9/2013,0.407942,0.31769,0.274368,1,1632.78,1581.28,1632.69
5/2/2013,0.309859,0.330986,0.359155,1,1597.57,1562.5,1582.7
4/25/2013,0.282895,0.328947,0.388158,1,1583,1536.03,1578.79
4/18/2013,0.268493,0.249315,0.482192,1,1597.35,1543.69,1552.01
4/11/2013,0.193103,0.262069,0.544828,1,1589.07,1539.5,1587.73
4/4/2013,0.35493,0.36338,0.28169,1,1573.66,1546.22,1553.69
3/28/2013,0.383954,0.329513,0.286533,1,1564.91,1538.57,1562.85
3/21/2013,0.389439,0.277228,0.333333,1,1563.62,1538.57,1558.71
3/14/2013,0.4542,0.2255,0.3203,1,1556.77,1541.46,1554.52
3/7/2013,0.310559,0.304348,0.385093,1,1545.25,1485.01,1541.46
2/28/2013,0.283912,0.350158,0.365931,1,1530.94,1485.01,1515.99
2/21/2013,0.417857,0.257143,0.325,1,1530.94,1511.41,1511.95
2/14/2013,0.422535,0.290141,0.287324,1,1524.69,1495.71,1520.33
2/7/2013,0.427673,0.27673,0.295597,1,1514.96,1495.02,1512.12
1/31/2013,0.480447,0.276536,0.243017,1,1509.94,1481.16,1501.96
1/24/2013,0.523392,0.233918,0.24269,1,1496.13,1463.76,1494.81
1/17/2013,0.439437,0.287324,0.273239,1,1473.96,1451.64,1472.63
1/10/2013,0.464497,0.266272,0.269231,1,1467.94,1398.11,1461.02
1/3/2013,0.387097,0.250896,0.362007,1,1462.43,1398.11,1462.42
12/27/2012,0.44403,0.253731,0.302239,1,1443.7,1416.43,1419.83
12/20/2012,0.464,0.288,0.248,1,1448,1411.88,1435.81
12/13/2012,0.432331,0.266917,0.300752,1,1438.59,1398.23,1428.48
12/6/2012,0.422222,0.231746,0.346032,1,1416.34,1385.43,1409.28
11/28/2012,0.409266,0.247104,0.343629,1,1409.15,1359.88,1409.93
11/22/2012,0.358156,0.234043,0.407801,1,1391.25,1343.35,1391.03
11/15/2012,0.288235,0.223529,0.488235,1,1433.38,1352.5,1355.49
11/8/2012,0.384977,0.215962,0.399061,1,1433.38,1388.14,1394.53
11/1/2012,0.357377,0.232787,0.409836,1,1457.34,1403.28,1412.16
10/25/2012,0.292453,0.27673,0.430818,1,1464.02,1407.1,1408.75
10/18/2012,0.286604,0.267913,0.445483,1,1462.2,1425.53,1460.91
10/11/2012,0.305755,0.305755,0.388489,1,1470.96,1430.64,1432.56
10/4/2012,0.338608,0.329114,0.332278,1,1463.24,1430.53,1450.99
9/27/2012,0.361011,0.274368,0.364621,1,1467.07,1430.53,1433.32
9/20/2012,0.375,0.287162,0.337838,1,1474.51,1429.13,1461.05
9/13/2012,0.364583,0.305556,0.329861,1,1439.15,1396.56,1436.56
9/6/2012,0.330579,0.338843,0.330579,1,1416.17,1396.56,1403.44
8/30/2012,0.347222,0.326389,0.326389,1,1426.68,1398.04,1410.49
8/23/2012,0.41958,0.321678,0.258741,1,1426.68,1400.6,1413.49
8/16/2012,0.368421,0.350877,0.280702,1,1410.03,1394.46,1405.53
8/9/2012,0.364706,0.361765,0.273529,1,1407.14,1354.65,1402.22
8/2/2012,0.304478,0.346269,0.349254,1,1391.74,1329.24,1375.14
7/26/2012,0.28115,0.28754,0.43131,1,1380.39,1329.24,1337.89
7/19/2012,0.2219,0.360231,0.417867,1,1375.26,1325.41,1372.78
7/12/2012,0.302251,0.350482,0.347267,1,1374.81,1333.25,1341.45
7/5/2012,0.3264,0.3403,0.3333,1,1374.81,1313.29,1374.02
6/28/2012,0.286689,0.269625,0.443686,1,1363.46,1309.27,1331.85
6/21/2012,0.328904,0.312292,0.358804,1,1363.46,1306.62,1355.69
6/14/2012,0.340351,0.301754,0.357895,1,1335.52,1274.16,1314.88
6/7/2012,0.27451,0.267974,0.457516,1,1334.93,1266.74,1315.13
5/31/2012,0.280156,0.299611,0.420233,1,1334.93,1295.73,1313.32
5/24/2012,0.304688,0.308594,0.386719,1,1344.94,1291.98,1318.86
5/17/2012,0.235821,0.304478,0.459701,1,1369.16,1324.79,1324.8
5/10/2012,0.253968,0.325397,0.420635,1,1415.32,1343.13,1354.58
5/3/2012,0.354015,0.361314,0.284672,1,1415.32,1366.82,1402.31
4/26/2012,0.276423,0.349593,0.373984,1,1392.76,1358.79,1390.69
4/19/2012,0.311787,0.34981,0.338403,1,1392.76,1357.38,1385.14
4/12/2012,0.281385,0.30303,0.415584,1,1422.38,1357.38,1368.71
4/5/2012,0.381743,0.340249,0.278008,1,1422.38,1391.56,1398.96
3/29/2012,0.4247,0.3205,0.2548,1,1419.15,1386.87,1405.54
3/22/2012,0.423841,0.298013,0.278146,1,1414,1371.92,1402.89
3/15/2012,0.456067,0.271967,0.271967,1,1399.42,1340.03,1394.28
3/8/2012,0.42379,0.28624,0.28996,1,1378.04,1340.03,1352.63
3/1/2012,0.44512,0.28658,0.26829,1,1378.04,1352.28,1365.68
2/23/2012,0.43689,0.28802,0.27508,1,1367.76,1340.8,1357.66
2/16/2012,0.42713,0.30653,0.26633,1,1355.87,1335.92,1343.23
2/9/2012,0.51643,0.28169,0.20187,1,1351,1306.69,1349.96
2/2/2012,0.43806,0.31117,0.25075,1,1333.47,1300.49,1324.09
1/26/2012,0.483974,0.32692,0.1891,1,1328.3,1290.22,1326.06
1/19/2012,0.4723,0.2915,0.2361,1,1308.11,1274.55,1308.04
1/12/2012,0.4914,0.3368,0.1718,1,1296.82,1265.26,1295.5
1/5/2012,0.4888,0.3395,0.1716,1,1284.62,1248.64,1277.3
12/29/2011,0.406,0.2857,0.30827,1,1269.37,1202.37,1249.64
12/22/2011,0.33725,0.38039,0.28235,1,1249.86,1202.37,1243.72
12/15/2011,0.4018,0.2616,0.3364,1,1267.06,1209.47,1211.82
12/8/2011,0.3857,0.2666,0.3476,1,1267.06,1191.8,1261.01
12/1/2011,0.3304,0.2753,0.3942,1,1247.11,1158.66,1246.96
11/24/2011,0.3271,0.2901,0.3827,1,1259.61,1158.66,1158.67
11/17/2011,0.4193,0.2701,0.3104,1,1277.55,1226.64,1236.91
11/10/2011,0.4473,0.307,0.2456,1,1277.55,1215.42,1229.1
11/3/2011,0.4018,0.302,0.2962,1,1292.66,1215.42,1237.9
10/27/2011,0.43,0.32,0.25,1,1256.55,1191.48,1242
10/20/2011,0.3598,0.2941,0.346,1,1233.1,1187.3,1209.88
10/13/2011,0.3977,0.2386,0.3636,1,1220.25,1074.77,1207.25
10/6/2011,0.3523,0.1904,0.4571,1,1195.86,1074.77,1144.04
9/29/2011,0.3251,0.2068,0.4679,1,1220.39,1114.22,1151.06
9/22/2011,0.2533,0.2667,0.48,1,1220.39,1157.44,1166.76
9/15/2011,0.305,0.2815,0.4135,1,1204.4,1136.07,1188.68
9/8/2011,0.3022,0.295,0.4029,1,1229.29,1140.13,1198.62
9/1/2011,0.3862,0.2904,0.3234,1,1230.71,1135.91,1218.89
8/25/2011,0.3644,0.226,0.4096,1,1190.68,1121.09,1159.27
8/18/2011,0.3556,0.2462,0.3982,1,1208.47,1121.3,1193.88
8/11/2011,0.3343,0.2179,0.4478,1,1260.23,1101.54,1120.76
8/4/2011,0.2716,0.2299,0.4985,1,1316.32,1234.56,1260.34
7/28/2011,0.3784,0.3074,0.3142,1,1347,1303.49,1304.89
7/21/2011,0.3986,0.2954,0.3061,1,1330.43,1295.92,1325.84
7/14/2011,0.3931,0.3145,0.2925,1,1356.48,1313.33,1317.72
7/7/2011,0.4177,0.3354,0.2468,1,1341.01,1334.3,1339.67
6/30/2011,0.3831,0.3149,0.3019,1,1309.21,1296.85,1307.41
6/23/2011,0.3746,0.268,0.3574,1,1298.61,1286.79,1295.52
6/16/2011,0.29,0.2825,0.4275,1,1294.54,1279.63,1289
6/9/2011,0.2442,0.2791,0.4767,1,1312.94,1297.9,1300.16
6/2/2011,0.3018,0.3639,0.3343,1,1345.2,1314.41,1314.55
5/26/2011,0.2561,0.3297,0.4142,1,1346.82,1336.36,1343.6
5/19/2011,0.2669,0.3202,0.4129,1,1351.05,1333.36,1348.65
5/12/2011,0.3077,0.3373,0.355,1,1359.44,1348.34,1357.16
5/5/2011,0.3546,0.3267,0.3187,1,1370.58,1358.69,1363.61
4/28/2011,0.379,0.3145,0.3065,1,1349.55,1336.75,1347.24
4/21/2011,0.3216,0.3684,0.3099,1,1332.66,1319.12,1330.36
4/14/2011,0.4225,0.2676,0.3099,1,1339.46,1309.19,1314.41
4/7/2011,0.4359,0.2756,0.2885,1,1339.38,1328.89,1335.54
3/31/2011,0.4181,0.2712,0.3107,1,1331.74,1321.89,1328.26
3/24/2011,0.3774,0.2727,0.3497,1,1300.58,1292.7,1298.38
3/17/2011,0.2849,0.3139,0.4012,1,1315.72,1294.21,1304.28
3/10/2011,0.3597,0.3171,0.3232,1,1332.28,1312.59,1321.82
3/3/2011,0.3679,0.3005,0.3316,1,1332.09,1320.55,1327.22
2/24/2011,0.3663,0.2723,0.3614,1,1344.07,1338.12,1343.01
2/17/2011,0.4658,0.2785,0.2557,1,1337.61,1329.51,1336.32
2/10/2011,0.494,0.2369,0.2691,1,1324.87,1316.03,1324.57
2/3/2011,0.5154,0.2159,0.2687,1,1308.86,1275.1,1304.03
1/27/2011,0.4204,0.2367,0.3429,1,1299.74,1291.97,1296.63
1/20/2011,0.5075,0.2015,0.291,1,1296.06,1290.16,1295.02
1/13/2011,0.5234,0.2422,0.2344,1,1286.87,1275.65,1285.96
1/6/2011,0.5588,0.2586,0.1825,1,1277.63,1254.19,1276.56
12/30/2010,0.5161,0.2834,0.2005,1,1262.6,1258.78,1259.78
12/23/2010,0.6328,0.2031,0.164,1,1259.39,1254.94,1258.84
12/16/2010,0.5023,0.2262,0.2715,1,1246.72,1240.34,1241.59
12/9/2010,0.5305,0.2439,0.2256,1,1235.05,1186.6,1228.28
12/2/2010,0.4966,0.2414,0.2621,1,1207.61,1186.93,1206.07
11/25/2010,0.474,0.2792,0.2468,1,1200.29,1198.35,1199.73
11/18/2010,0.4,0.275,0.325,1,1226.84,1173,1223.25
11/11/2010,0.5756,0.1395,0.2849,1,1227.08,1220.29,1225.85
11/4/2010,0.4823,0.2199,0.2979,1,1213.05,1198.34,1197.96
10/28/2010,0.5123,0.2716,0.216,1,1189.53,1184.47,1182.45
10/21/2010,0.4962,0.2519,0.2519,1,1188.52,1179.82,1178.17
10/14/2010,0.471,0.2609,0.2681,1,1177.95,1174.04,1178.1
10/7/2010,0.4903,0.2323,0.2774,1,1163.87,1156.5,1159.97
9/30/2010,0.4253,0.2586,0.3161,1,1157.16,1145.97,1144.73
9/23/2010,0.4497,0.2963,0.254,1,1132.97,1123.46,1134.24
9/16/2010,0.5089,0.2485,0.2426,1,1123.89,1118.9,1125.07
9/9/2010,0.4387,0.2451,0.3161,1,1103.26,1092.36,1091.84
9/2/2010,0.308,0.27,0.4221,1,1086.55,1080.39,1080.29
8/26/2010,0.2074,0.2979,0.4947,1,1060.25,1055.38,1055.33
8/19/2010,0.3011,0.2742,0.4247,1,1092.44,1077.35,1094.16
8/12/2010,0.3976,0.3012,0.3012,1,1083.88,1076.69,1089.47
8/5/2010,0.3039,0.3137,0.3824,1,1124.75,1118.81,1127.24
7/29/2010,0.4,0.2667,0.3333,1,1115.9,1109.63,1106.13
7/22/2010,0.3216,0.2281,0.4503,1,1094.59,1072.14,1069.59
7/15/2010,0.3937,0.2284,0.378,1,1095.17,1080.53,1095.17
7/8/2010,0.2094,0.2199,0.5707,1,1071.25,1062.92,1060.27
7/1/2010,0.2468,0.3333,0.4199,1,1033.58,1021.65,1030.71
6/24/2010,0.3446,0.3311,0.3243,1,1090.93,1079.17,1092.04
6/17/2010,0.4245,0.2689,0.3066,1,1117.72,1106.38,1114.61
6/10/2010,0.3448,0.2241,0.431,1,1083.05,1058.77,1055.69
6/3/2010,0.3709,0.2207,0.4085,1,1105.67,1098.82,1098.38
5/27/2010,0.2983,0.193,0.5088,1,1089.6,1074.27,1067.95
5/20/2010,0.413,0.25,0.337,1,1107.34,1088.33,1115.05
5/13/2010,0.366,0.268,0.366,1,1170.61,1164.48,1171.67
5/6/2010,0.3913,0.323,0.2857,1,1166.65,1161.74,1165.87
4/29/2010,0.4136,0.3,0.2864,1,1202.59,1193.3,1191.36
4/22/2010,0.3812,0.2762,0.3425,1,1202.52,1190.19,1205.94
4/15/2010,0.4848,0.2182,0.297,1,1210.77,1208.64,1210.65
4/8/2010,0.4286,0.2679,0.3036,1,1181.75,1175.12,1182.45
4/1/2010,0.413,0.2754,0.3116,1,1181.43,1171.23,1169.43
3/25/2010,0.3239,0.3295,0.3466,1,1176.71,1170.03,1167.72
3/18/2010,0.3537,0.3476,0.2988,1,1167.77,1165.07,1166.21
3/11/2010,0.4529,0.2941,0.2529,1,1143.96,1139.99,1145.61
3/4/2010,0.3586,0.3793,0.2621,1,1121.67,1119.12,1118.79
2/25/2010,0.3489,0.3557,0.2953,1,1106.42,1106.42,1094.6
2/18/2010,0.3585,0.2893,0.3522,1,1102.4,1097.48,1099.51
2/11/2010,0.3675,0.2137,0.4188,1,1069.05,1060.59,1068.13
2/4/2010,0.2923,0.2769,0.4308,1,1097.25,1074.86,1097.28
1/28/2010,0.35,0.2833,0.3667,1,1100.22,1092.63,1097.5
1/21/2010,0.4,0.2526,0.3474,1,1141.58,1136.52,1138.04
1/14/2010,0.4744,0.2564,0.2692,1,1147.93,1143.8,1145.68
1/7/2010,0.41,0.33,0.26,1,1136.27,1131.32,1137.14
12/31/2009,0.4918,0.2787,0.2295,1,1129.43,1116.56,1115.1
12/24/2009,0.3768,0.2464,0.3768,1,1130.38,1126.17,1127.78
12/17/2009,0.4211,0.2947,0.2842,1,1106.36,1098.16,1109.18
12/10/2009,0.4268,0.2195,0.3537,1,1106.25,1098.69,1095.95
12/3/2009,0.4158,0.2475,0.3366,1,1117.28,1109.24,1109.24
11/26/2009,0.4166,0.1666,0.4166,1,1105.47,1083.74,1110.63
11/19/2009,0.4273,0.2545,0.3182,1,1106.44,1089.84,1109.8
11/12/2009,0.386,0.228,0.386,1,1105.37,1063.21,1098.51
11/5/2009,0.2222,0.2222,0.5556,1,1060.98,1047.3,1046.5
10/29/2009,0.3365,0.2404,0.4231,1,1056.01,1043.69,1042.63
10/22/2009,0.4048,0.2381,0.3571,1,1101.36,1080.77,1081.4
10/15/2009,0.473,0.1892,0.3378,1,1090.89,1086.88,1092.02
10/8/2009,0.3509,0.2368,0.4123,1,1066.86,1060.03,1057.58
10/1/2009,0.4355,0.2097,0.3548,1,1054.91,1043.65,1057.08
9/24/2009,0.3909,0.1636,0.4455,1,1066.29,1051.04,1060.87
9/17/2009,0.4214,0.1786,0.4,1,1074.77,1066.93,1068.76
9/10/2009,0.3733,0.1867,0.44,1,1033.94,1028.04,1033.37
9/3/2009,0.3797,0.2405,0.3797,1,1001.46,996.12,994.75
8/27/2009,0.3398,0.1748,0.4854,1,1027.81,1016.83,1028.12
8/20/2009,0.3407,0.2593,0.4,1,1004.08,996.39,996.46
8/13/2009,0.51,0.16,0.33,1,1009.54,1000.82,1005.81
8/6/2009,0.5,0.1484,0.3516,1,1008,997.59,1002.72
7/30/2009,0.4767,0.2093,0.314,1,994.95,976.01,975.15
7/23/2009,0.376,0.2,0.424,1,962.37,953.27,954.07
7/16/2009,0.2868,0.2426,0.4706,1,934.31,928.04,932.68
7/9/2009,0.2791,0.1744,0.5465,1,886.01,879.35,879.56
7/2/2009,0.3784,0.1757,0.4459,1,921.24,903.22,923.33
6/25/2009,0.28,0.232,0.488,1,908.84,896.27,900.94
6/18/2009,0.3333,0.2024,0.4643,1,914.05,907.94,910.71
6/11/2009,0.3925,0.215,0.3925,1,950.13,939.04,939.15
6/4/2009,0.4756,0.1585,0.3659,1,936.22,931.29,931.76
5/28/2009,0.4037,0.1101,0.4862,1,903.06,887.6,893.06
5/21/2009,0.3372,0.2093,0.4535,1,900.42,884.06,903.47
5/14/2009,0.4381,0.2095,0.3524,1,890.1,882.52,883.92
5/7/2009,0.4409,0.2258,0.3333,1,929.58,919.58,919.53
4/30/2009,0.3609,0.203,0.4361,1,887.47,876.59,873.64
4/23/2009,0.3182,0.2955,0.3864,1,848.22,835.45,843.55
4/16/2009,0.4414,0.2,0.3586,1,852.93,835.58,841.5
4/9/2009,0.3571,0.2,0.4429,1,850.8,829.29,825.16
4/2/2009,0.4266,0.2028,0.3706,1,835.91,814.53,811.08
3/26/2009,0.3913,0.1848,0.4239,1,826.76,814.06,813.88
3/19/2009,0.4506,0.1667,0.3827,1,803.24,788.87,794.35
3/12/2009,0.2764,0.1789,0.5447,1,727.47,714.76,721.36
3/5/2009,0.1892,0.1081,0.7027,1,708.27,696.27,712.87
2/26/2009,0.243,0.2056,0.5514,1,779.42,765.76,764.9
2/19/2009,0.2164,0.2164,0.5672,1,797.58,787.91,788.42
2/12/2009,0.3291,0.2785,0.3924,1,829.91,811.35,833.74
2/5/2009,0.2463,0.3134,0.4403,1,832.63,819.91,832.23
1/29/2009,0.2527,0.2747,0.4725,1,868.89,854.37,874.09
1/22/2009,0.2721,0.2647,0.4632,1,839.74,816.69,840.24
1/15/2009,0.2763,0.25,0.4737,1,842.05,825.53,842.62
1/8/2009,0.487,0.1623,0.3506,1,907.64,896.81,906.65
1/1/2009,0.24,0.2133,0.5467,1,934.73,899.35,903.25
12/25/2008,0.2895,0.2719,0.4386,1,873.7,868.5,872.8
12/18/2008,0.3973,0.2466,0.3562,1,910.01,900.1,904.42
12/11/2008,0.375,0.2266,0.3984,1,899.95,885.94,899.24
12/4/2008,0.2667,0.2556,0.4778,1,872.89,858.55,870.74
11/27/2008,0.3125,0.2386,0.4489,1,896.25,881.21,887.68
11/20/2008,0.2437,0.1849,0.5714,1,805.87,776.79,806.58
11/13/2008,0.3833,0.1917,0.425,1,865.07,847.4,852.3
11/6/2008,0.4483,0.2184,0.3333,1,952.4,934.13,952.77
10/30/2008,0.3714,0.2229,0.4057,1,963.23,939.38,930.09
10/23/2008,0.3874,0.2252,0.3874,1,909.8,883.8,896.78
10/16/2008,0.4094,0.193,0.3977,1,924.87,888.17,907.84
10/9/2008,0.3147,0.0769,0.6084,1,1005.25,986.53,984.94
10/2/2008,0.3333,0.1167,0.55,1,1160.64,1132.46,1161.06
9/25/2008,0.3404,0.2021,0.4574,1,1212.77,1187.87,1185.87
9/18/2008,0.2721,0.1837,0.5442,1,1184.22,1157.08,1156.39
9/11/2008,0.2927,0.1585,0.5488,1,1274.66,1221.73,1232.04
9/4/2008,0.3704,0.1975,0.4321,1,1271.8,1253.12,1274.98
8/28/2008,0.3068,0.2386,0.4545,1,1291.7,1283.79,1281.66
8/21/2008,0.381,0.246,0.373,1,1300.15,1261.31,1274.54
8/14/2008,0.4286,0.1818,0.3896,1,1285.58,1276.84,1285.83
8/7/2008,0.3561,0.2197,0.4242,1,1278.81,1273.06,1289.19
7/31/2008,0.4,0.1882,0.4118,1,1281.59,1273.5,1284.26
7/24/2008,0.3582,0.2014,0.4403,1,1283.22,1276.01,1282.19
7/17/2008,0.25,0.1686,0.5814,1,1258.72,1246.31,1245.36
7/10/2008,0.2217,0.2266,0.5517,1,1252.39,1243.32,1244.69
7/3/2008,0.2393,0.2393,0.5214,1,1269.81,1255.69,1261.52
6/26/2008,0.3125,0.1648,0.5227,1,1316.29,1306.14,1321.97
6/19/2008,0.3298,0.2128,0.4574,1,1341.27,1334.04,1337.81
6/12/2008,0.3125,0.1518,0.5357,1,1353.03,1335.78,1335.49
6/5/2008,0.4348,0.1848,0.3804,1,1393.32,1377.48,1377.2
5/29/2008,0.3136,0.2288,0.4576,1,1393.49,1388.59,1390.84
5/22/2008,0.463,0.1944,0.3426,1,1396.2,1390.7,1390.71
5/15/2008,0.4516,0.2516,0.2968,1,1412.29,1406.87,1408.66
5/8/2008,0.5281,0.2247,0.2472,1,1394.29,1399.18,1389.39
5/1/2008,0.5329,0.2039,0.2632,1,1404.57,1384.25,1385.59
4/24/2008,0.4667,0.2583,0.275,1,1387.87,1372.24,1379.93
4/17/2008,0.3037,0.2094,0.4869,1,1365.49,1337.02,1364.71
4/10/2008,0.4576,0.1695,0.3729,1,1368.08,1350.25,1354.49
4/3/2008,0.367,0.2394,0.3936,1,1377.95,1361.55,1367.53
3/27/2008,0.416,0.248,0.336,1,1352.45,1336.41,1341.13
3/20/2008,0.2521,0.2051,0.5427,1,1341.51,1298.42,1298.42
3/13/2008,0.2042,0.2042,0.5915,1,1333.26,1307.86,1308.77
3/6/2008,0.2198,0.2637,0.5165,1,1344.19,1320.22,1333.7
2/28/2008,0.3431,0.2044,0.4526,1,1388.34,1372,1380.02
2/21/2008,0.3318,0.2212,0.447,1,1367.28,1345.05,1348.78
2/14/2008,0.3333,0.2481,0.4186,1,1369.23,1350.78,1367.21
2/7/2008,0.3411,0.1869,0.472,1,1351.96,1324.34,1326.45
1/31/2008,0.3008,0.2105,0.4887,1,1385.86,1352.95,1355.81
1/24/2008,0.2514,0.1585,0.5902,1,1338.82,1269.87,1338.6
1/17/2008,0.243,0.213,0.5444,1,1391.99,1364.27,1373.2
1/10/2008,0.1963,0.215,0.5888,1,1409.2,1379.23,1409.13
1/3/2008,0.2571,0.1905,0.5524,1,1455.74,1447.37,1450.38
12/27/2007,0.3,0.2,0.5,1,1497.63,1484.55,1496.45
12/20/2007,0.3585,0.1698,0.4717,1,1464.4,1445.49,1453
12/13/2007,0.4762,0.1667,0.3571,1,1485.4,1472.4,1479.66
12/6/2007,0.4065,0.1951,0.3984,1,1485.85,1462.06,1485.01
11/29/2007,0.2857,0.1531,0.5612,1,1471.44,1427.78,1469.02
11/22/2007,0.2558,0.2171,0.5271,1,1439.62,1415.73,1416.77
11/15/2007,0.3301,0.1748,0.4951,1,1491.51,1466.99,1470.58
11/8/2007,0.3619,0.1238,0.5143,1,1519.49,1475.08,1475.62
11/1/2007,0.4471,0.1882,0.3647,1,1551.91,1529.42,1549.38
10/25/2007,0.3125,0.2054,0.4821,1,1519.57,1489.74,1515.88
10/18/2007,0.4196,0.2232,0.3571,1,1550.38,1526.46,1541.24
10/11/2007,0.5464,0.1959,0.2577,1,1565.22,1555.62,1562.47
10/4/2007,0.5181,0.2289,0.253,1,1546.33,1536.43,1539.59
9/27/2007,0.4937,0.1646,0.3418,1,1529.17,1516.96,1525.42
9/20/2007,0.3924,0.2911,0.3165,1,1538.69,1519.75,1529.03
9/13/2007,0.4,0.2471,0.3529,1,1479.19,1465.69,1471.56
9/6/2007,0.3838,0.1919,0.4242,1,1488.76,1466.37,1472.29
8/30/2007,0.403,0.1343,0.4627,1,1463.76,1432.01,1463.76
8/23/2007,0.4128,0.156,0.4312,1,1464.48,1447.03,1464.07
8/16/2007,0.4222,0.1222,0.4556,1,1440.78,1404.36,1406.7
8/9/2007,0.4576,0.1525,0.3898,1,1503.89,1476.22,1497.49
8/2/2007,0.4588,0.1412,0.4,1,1463.3,1443.68,1451.59
7/26/2007,0.4421,0.1895,0.3684,1,1524.31,1504.87,1517.91
7/19/2007,0.4177,0.2152,0.3671,1,1549.2,1533.67,1546.17
7/12/2007,0.4364,0.2636,0.3,1,1519.34,1506.1,1518.76
7/5/2007,0.4384,0.2329,0.3288,1,1526.01,1519.12,1524.87
6/28/2007,0.3902,0.252,0.3577,1,1515.7,1492.65,1515.67
6/21/2007,0.4316,0.2316,0.3368,1,1537.32,1512.36,1512.84
6/14/2007,0.373,0.1905,0.4365,1,1515.7,1492.65,1515.67
6/7/2007,0.4059,0.1683,0.4257,1,1530.57,1514.13,1517.38
5/31/2007,0.3333,0.2188,0.4479,1,1530.23,1510.06,1530.23
5/24/2007,0.3735,0.241,0.3855,1,1532.43,1521.9,1522.28
5/17/2007,0.3839,0.25,0.3661,1,1514.15,1500.75,1514.14
5/10/2007,0.4286,0.1429,0.4286,1,1513.8,1503.77,1512.58
5/3/2007,0.2857,0.1714,0.5429,1,1499.1,1486.13,1495.92
4/26/2007,0.3924,0.2278,0.3797,1,1496.59,1480.28,1495.42
4/19/2007,0.4694,0.2347,0.2959,1,1476.57,1466.41,1472.5
4/12/2007,0.4085,0.2113,0.3803,1,1448.39,1436.15,1438.87
4/5/2007,0.3226,0.2796,0.3978,1,1440.16,1435.08,1439.37
3/29/2007,0.4268,0.3171,0.2561,1,1426.24,1413.27,1422.53
3/22/2007,0.4388,0.2302,0.3309,1,1436.8,1429.88,1431.64
3/15/2007,0.3299,0.2165,0.4536,1,1395.73,1385.16,1392.28
3/8/2007,0.358,0.1932,0.4489,1,1407.72,1391.88,1406.18
3/1/2007,0.3663,0.2376,0.396,1,1408.17,1380.87,1406.01
2/22/2007,0.5385,0.2385,0.2231,1,1461.57,1457.29,1459.85
2/15/2007,0.4757,0.2136,0.3107,1,1457.97,1453.19,1456.81
2/8/2007,0.4615,0.2385,0.3,1,1452.99,1446.44,1450.02
2/1/2007,0.4632,0.2316,0.3053,1,1446.64,1437.9,1445.94
1/25/2007,0.3951,0.2716,0.3333,1,1440.69,1434.56,1436.31
1/18/2007,0.5778,0.1515,0.2727,1,1432.96,1424.21,1426.37
1/11/2007,0.4444,0.213,0.3426,1,1418.84,1414.84,1418.78
1/4/2007,0.4914,0.2155,0.2931,1,1421.84,1408.22,1418.34
12/28/2006,0.46,0.18,0.36,1,1427.26,1422.05,1424.73
12/21/2006,0.3908,0.1839,0.4253,1,1426.4,1423.2,1425.84
12/14/2006,0.4133,0.2067,0.38,1,1424.64,1413.16,1422.34
12/7/2006,0.3894,0.1947,0.4159,1,1415.93,1396.67,1412.9
11/30/2006,0.4022,0.1229,0.4749,1,1402.67,1394.85,1395.97
11/23/2006,0.4194,0.1613,0.4194,1,1407.89,1402.26,1406.09
11/16/2006,0.4656,0.229,0.3053,1,1401.79,1396.53,1400.08
11/9/2006,0.506,0.2289,0.2651,1,1388.92,1377.37,1378.33
11/2/2006,0.4375,0.1938,0.3688,1,1367.44,1362.21,1366.31
10/26/2006,0.5217,0.1739,0.3043,1,1386.53,1379.47,1385.15
10/19/2006,0.542,0.1603,0.2977,1,1368.09,1362.06,1366.96
10/12/2006,0.4898,0.1327,0.3776,1,1359.05,1349.94,1357.88
10/5/2006,0.3778,0.1556,0.4667,1,1351.57,1347.75,1348.56
9/28/2006,0.5132,0.1579,0.3289,1,1339.73,1334.75,1336.87
9/21/2006,0.4775,0.1802,0.3423,1,1328.19,1322.59,1326.9
9/14/2006,0.4795,0.137,0.3836,1,1318,1313.25,1316.28
9/7/2006,0.4299,0.271,0.2991,1,1301.25,1292.13,1297.79
8/31/2006,0.4157,0.3258,0.2584,1,1305.5,1302.45,1302.93
8/24/2006,0.3935,0.2323,0.3742,1,1297.23,1291.49,1291.94
8/17/2006,0.3053,0.3368,0.3579,1,1296.31,1292.71,1294.21
8/10/2006,0.3659,0.2195,0.4146,1,1272.55,1261.3,1271.81
8/3/2006,0.3146,0.2135,0.4719,1,1283.96,1271.25,1280.27
7/27/2006,0.3488,0.2209,0.4302,1,1273.89,1240.25,1268.4
7/20/2006,0.2385,0.1835,0.578,1,1262.56,1253.13,1255.69
7/13/2006,0.365,0.2409,0.3942,1,1258.58,1241.43,1242.28
7/6/2006,0.377,0.1967,0.4262,1,1278.32,1270.58,1274.08
6/29/2006,0.386,0.2164,0.3977,1,1257.29,1245.94,1255.88
6/22/2006,0.344,0.24,0.416,1,1251.92,1241.53,1244.7
6/15/2006,0.2641,0.1861,0.5498,1,1243.59,1230.01,1243.04
6/8/2006,0.2623,0.2869,0.4508,1,1257.07,1249.43,1249.72
6/1/2006,0.3077,0.1923,0.5,1,1285.71,1269.19,1285.71
5/25/2006,0.3304,0.2143,0.4554,1,1264.53,1245.34,1258.57
5/18/2006,0.3939,0.1697,0.4364,1,1291.73,1267.31,1270.32
5/11/2006,0.549,0.1765,0.2745,1,1326.7,1317.44,1322.85
5/4/2006,0.4589,0.2055,0.3356,1,1317.21,1303.46,1308.12
4/27/2006,0.4211,0.2193,0.3596,1,1316.04,1295.57,1310.61
4/20/2006,0.3373,0.2544,0.4083,1,1310.39,1280.74,1309.93
4/13/2006,0.4536,0.268,0.2784,1,1300.74,1282.96,1288.12
4/6/2006,0.4767,0.2907,0.2326,1,1312.81,1294.71,1311.56
3/30/2006,0.3721,0.3023,0.3256,1,1306.24,1291.84,1302.89
3/23/2006,0.4375,0.2875,0.275,1,1310.88,1295.81,1305.04
3/16/2006,0.4655,0.2069,0.3276,1,1304.4,1281.58,1303.02
3/9/2006,0.4121,0.2802,0.3077,1,1288.23,1268.42,1278.47
3/2/2006,0.4094,0.2992,0.2913,1,1297.57,1278.66,1291.24
2/23/2006,0.4321,0.284,0.284,1,1294.17,1281.33,1292.67
2/16/2006,0.4018,0.2411,0.3571,1,1281,1258.34,1280
2/9/2006,0.4019,0.2523,0.3458,1,1267.04,1253.61,1265.65
2/2/2006,0.447,0.2197,0.3333,1,1287.94,1276.85,1282.46
1/26/2006,0.3077,0.359,0.3333,1,1286.38,1259.42,1283.72
1/19/2006,0.5,0.2417,0.2583,1,1287.61,1272.08,1277.93
1/12/2006,0.5896,0.2197,0.1908,1,1294.9,1283.76,1294.18
1/5/2006,0.2935,0.3043,0.4022,1,1275.37,1245.74,1273.46
12/29/2005,0.373,0.2619,0.3651,1,1271.83,1256.54,1258.17
12/22/2005,0.4103,0.3077,0.2821,1,1270.51,1257.21,1268.66
12/15/2005,0.4615,0.3173,0.2212,1,1272.11,1255.52,1267.43
12/8/2005,0.4947,0.3158,0.1895,1,1272.89,1253.02,1257.37
12/1/2005,0.5247,0.2407,0.2346,1,1268.44,1249.39,1249.48
11/24/2005,0.5733,0.2667,0.16,1,1270.64,1259.51,1265.61
11/17/2005,0.5363,0.2458,0.2179,1,1235.7,1215.05,1234.72
11/10/2005,0.5862,0.1839,0.2299,1,1226.59,1216.08,1220.65
11/3/2005,0.4295,0.2949,0.2756,1,1215.17,1198.41,1214.76
10/27/2005,0.3205,0.2179,0.4615,1,1204.01,1179.59,1191.38
10/20/2005,0.4311,0.2096,0.3593,1,1195.76,1170.55,1195.76
10/13/2005,0.3896,0.1299,0.4805,1,1196.52,1173.65,1177.68
10/6/2005,0.5,0.2258,0.2742,1,1233.34,1196.25,1196.39
9/29/2005,0.3188,0.2899,0.3913,1,1222.56,1211.11,1216.89
9/22/2005,0.3947,0.2807,0.3246,1,1237.91,1209.89,1210.2
9/15/2005,0.5143,0.2,0.2857,1,1242.6,1226.16,1227.16
9/8/2005,0.4231,0.25,0.3269,1,1237.06,1218.02,1236.36
9/1/2005,0.3176,0.3059,0.3765,1,1220.36,1201.07,1220.33
8/25/2005,0.3614,0.3253,0.3133,1,1228.96,1214.44,1217.59
8/18/2005,0.2929,0.303,0.404,1,1236.24,1218.07,1220.24
8/11/2005,0.3974,0.3141,0.2885,1,1242.69,1222.67,1229.13
8/4/2005,0.4783,0.2609,0.2609,1,1245.86,1233.8,1245.04
7/28/2005,0.5752,0.2484,0.1765,1,1238.36,1228.15,1236.79
7/21/2005,0.4118,0.3137,0.2745,1,1236.56,1221.13,1235.2
7/14/2005,0.5789,0.2807,0.1404,1,1233.16,1211.86,1227.92
7/7/2005,0.430108,0.365591,0.204301,1,1206.34,1192.49,1194.94
6/30/2005,0.4589,0.2466,0.2945,1,1204.07,1188.3,1199.85
6/23/2005,0.4659,0.3523,0.1818,1,1219.59,1210.65,1213.88
6/16/2005,0.4805,0.3312,0.1883,1,1208.08,1194.51,1206.58
6/9/2005,0.4598,0.3448,0.1954,1,1208.85,1192.75,1197.26
6/2/2005,0.4861,0.3194,0.1944,1,1205.64,1191.03,1202.22
5/26/2005,0.4414,0.3243,0.2342,1,1197.44,1185.96,1190.01
5/19/2005,0.3892,0.3243,0.2865,1,1187.9,1153.64,1185.56
5/12/2005,0.3052,0.3312,0.3636,1,1178.87,1157.71,1171.11
5/5/2005,0.2857,0.2653,0.449,1,1178.62,1154.71,1171.35
4/28/2005,0.2975,0.3554,0.3471,1,1164.8,1144.42,1156.38
4/21/2005,0.3684,0.3026,0.3289,1,1155.5,1136.15,1137.51
4/14/2005,0.1648,0.4176,0.4176,1,1190.17,1170.85,1173.79
4/7/2005,0.2774,0.2839,0.4387,1,1189.34,1167.72,1184.07
3/31/2005,0.2843,0.2059,0.5098,1,1181.54,1163.69,1181.41
3/24/2005,0.2323,0.3484,0.4194,1,1189.65,1168.7,1172.53
3/17/2005,0.3247,0.3506,0.3247,1,1210.54,1185.61,1188.07
3/10/2005,0.4966,0.255,0.2483,1,1229.06,1206.71,1207.01
3/3/2005,0.3951,0.3333,0.2716,1,1215.79,1198.13,1210.08
2/24/2005,0.3182,0.3636,0.3182,1,1202.48,1184.16,1190.8
2/17/2005,0.3636,0.3377,0.2987,1,1212.44,1203.59,1210.34
2/10/2005,0.4375,0.3333,0.2292,1,1205.11,1191.54,1191.99
2/3/2005,0.4167,0.3333,0.25,1,1195.25,1171.36,1193.19
1/27/2005,0.2643,0.3714,0.3643,1,1175.96,1163.75,1174.07
1/20/2005,0.3366,0.3267,0.3366,1,1195.98,1180.1,1184.52
1/13/2005,0.3399,0.2614,0.3987,1,1194.78,1175.64,1184.52
1/6/2005,0.381,0.2738,0.3452,1,1217.8,1183.72,1183.74
12/30/2004,0.5766,0.2482,0.1752,1,1214.13,1204.92,1213.45
12/23/2004,0.6023,0.2159,0.1818,1,1211.42,1193.36,1209.57
12/16/2004,0.5253,0.2828,0.1919,1,1206.61,1188,1205.72
12/9/2004,0.5135,0.2342,0.2523,1,1192.41,1177.07,1182.81
12/2/2004,0.5676,0.1784,0.2541,1,1191.37,1172.37,1191.37
11/24/2004,0.4948,0.2371,0.268,1,1182.46,1176.94,1181.76
11/18/2004,0.641,0.1346,0.2244,1,1188.46,1175.32,1181.94
11/11/2004,0.625,0.1591,0.2159,1,1169.25,1162.32,1162.91
11/4/2004,0.5714,0.2,0.2286,1,1147.57,1127.6,1143.2
10/28/2004,0.4231,0.2596,0.3173,1,1126.29,1090.29,1125.4
10/21/2004,0.4248,0.2876,0.2876,1,1117.96,1094.25,1103.66
10/14/2004,0.4471,0.2706,0.2824,1,1127.01,1109.63,1113.65
10/7/2004,0.5693,0.2336,0.1971,1,1142.05,1131.5,1142.05
9/30/2004,0.4107,0.1964,0.3929,1,1114.8,1101.29,1114.8
9/23/2004,0.512,0.22,0.268,1,1128.55,1120.34,1122.2
9/16/2004,0.4545,0.2273,0.3182,1,1129.78,1123.35,1125.82
9/9/2004,0.505,0.2574,0.2376,1,1124.08,1113.63,1121.3
9/2/2004,0.4151,0.3019,0.283,1,1109.24,1094.72,1105.91
8/26/2004,0.4153,0.3305,0.2542,1,1106.29,1092.82,1104.96
8/19/2004,0.3488,0.3023,0.3488,1,1095.17,1064.8,1095.17
8/12/2004,0.3857,0.2143,0.4,1,1079.04,1063.97,1075.79
8/5/2004,0.3099,0.3521,0.338,1,1108.6,1092.4,1098.63
7/29/2004,0.34,0.3,0.36,1,1098.84,1078.78,1095.42
7/22/2004,0.3571,0.4048,0.2381,1,1116.27,1093.88,1093.88
7/15/2004,0.4737,0.2895,0.2368,1,1119.6,1106.71,1111.47
7/8/2004,0.551,0.2347,0.2143,1,1125.38,1113.21,1118.33
7/1/2004,0.5697,0.2727,0.1576,1,1144.2,1131.72,1140.84
6/24/2004,0.5641,0.2051,0.2308,1,1145.15,1124.37,1144.06
6/17/2004,0.4141,0.3047,0.2813,1,1137.36,1122.16,1133.56
6/10/2004,0.5526,0.2895,0.1579,1,1142.18,1114.76,1131.33
6/3/2004,0.3333,0.4048,0.2619,1,1128.1,1113.32,1124.99
5/27/2004,0.3611,0.2361,0.4028,1,1116.71,1090.74,1114.94
5/20/2004,0.3667,0.2333,0.4,1,1105.93,1079.36,1088.68
5/13/2004,0.3289,0.2368,0.4342,1,1098.7,1076.32,1097.28
5/6/2004,0.3898,0.339,0.2712,1,1127.74,1107.3,1121.53
4/29/2004,0.5,0.2879,0.2121,1,1146.56,1121.7,1122.41
4/22/2004,0.5,0.275,0.225,1,1139.26,1116.03,1124.09
4/15/2004,0.6375,0.225,0.1375,1,1147.78,1122.15,1128.17
4/8/2004,0.5878,0.2095,0.2027,1,1150.57,1138.41,1140.53
4/1/2004,0.5517,0.2241,0.2241,1,1130.83,1108.06,1126.21
3/25/2004,0.3148,0.2593,0.4259,1,1109.78,1087.16,1091.33
3/18/2004,0.386,0.3509,0.2632,1,1125.76,1102.61,1123.75
3/11/2004,0.4129,0.2516,0.3355,1,1159.94,1122.53,1123.89
3/4/2004,0.4783,0.3913,0.1304,1,1157.45,1143.78,1151.03
2/26/2004,0.4158,0.2789,0.3053,1,1146.69,1134.43,1143.67
2/19/2004,0.5645,0.2258,0.2097,1,1158.98,1145.81,1151.82
2/12/2004,0.561,0.2927,0.1463,1,1158.89,1138.7,1157.76
2/5/2004,0.5091,0.2727,0.2182,1,1142.45,1124.74,1126.52
1/29/2004,0.5688,0.2813,0.15,1,1155.38,1126.5,1128.48
1/22/2004,0.6951,0.1707,0.1341,1,1149.21,1134.62,1147.62
1/15/2004,0.6629,0.236,0.1011,1,1130.75,1115.19,1130.52
1/8/2004,0.6716,0.1493,0.1791,1,1126.33,1108.48,1126.33
1/1/2004,0.6241,0.2411,0.1348,1,1118.85,1105.08,1108.48
12/26/2003,0.6552,0.1724,0.1724,1,1098.47,1086.14,1095.89
12/18/2003,0.602,0.2041,0.1939,1,1082.79,1068,1076.48
12/11/2003,0.5526,0.2368,0.2105,1,1074.76,1053.41,1074.14
12/4/2003,0.6937,0.1622,0.1441,1,1074.3,1058.2,1064.73
11/27/2003,0.6038,0.1887,0.2075,1,1060.63,1035.28,1058.2
11/20/2003,0.5323,0.2581,0.2097,1,1050.35,1034,1042.44
11/13/2003,0.5333,0.3222,0.1444,1,1059.1,1043.46,1058.53
11/6/2003,0.5758,0.2576,0.1667,1,1061.44,1044.88,1051.81
10/30/2003,0.5781,0.2344,0.1875,1,1049.83,1028.91,1048.11
10/23/2003,0.5278,0.3056,0.1667,1,1048.57,1028.39,1030.36
10/16/2003,0.6034,0.2586,0.1379,1,1053.79,1038.06,1046.76
10/9/2003,0.5758,0.1919,0.2323,1,1048.28,1026.27,1038.06
10/2/2003,0.5,0.2143,0.2857,1,1039.31,990.36,1029.85
9/25/2003,0.5728,0.2039,0.2233,1,1036.3,996.08,996.85
9/18/2003,0.6275,0.1765,0.1961,1,1040.29,1013.59,1036.3
9/11/2003,0.5814,0.2442,0.1744,1,1032.41,1007.71,1018.63
9/4/2003,0.623,0.2131,0.1639,1,1029.34,1005.73,1021.39
8/28/2003,0.567,0.2062,0.2268,1,1008.85,983.57,1008.01
8/21/2003,0.6296,0.1852,0.1852,1,1011.01,990.67,993.06
8/14/2003,0.5056,0.2584,0.236,1,992.5,974.21,990.67
8/7/2003,0.4545,0.2208,0.3247,1,985.75,960.84,977.59
7/31/2003,0.5154,0.3231,0.1615,1,1004.59,978.86,980.15
7/24/2003,0.52,0.1733,0.3067,1,998.89,975.63,998.68
7/17/2003,0.5126,0.2017,0.2857,1,1015.41,978.6,993.32
7/10/2003,0.4324,0.2568,0.3108,1,1010.43,983.63,998.14
7/3/2003,0.4118,0.2353,0.3529,1,995,962.1,985.7
6/26/2003,0.7143,0.2,0.0857,1,995.69,973.8,976.22
6/19/2003,0.5641,0.0769,0.359,1,1015.33,988.61,1010.09
6/12/2003,0.5,0.2083,0.2917,1,997.48,972.59,997.48
6/5/2003,0.52,0.288,0.192,1,987.85,963.59,986.24
5/29/2003,0.6286,0.2286,0.1429,1,965.38,927.33,963.59
5/22/2003,0.3846,0.2596,0.3558,1,944.3,912.05,923.42
5/15/2003,0.6279,0.2093,0.1628,1,947.51,929.3,942.3
5/8/2003,0.528,0.288,0.184,1,939.61,924.55,934.39
5/1/2003,0.4857,0.2571,0.2571,1,924.24,898.81,916.92
4/24/2003,0.63,0.18,0.19,1,919.74,886.7,919.02
4/17/2003,0.463,0.2222,0.3148,1,896.77,877.93,879.91
4/10/2003,0.3846,0.3077,0.3077,1,904.89,865.72,865.99
4/3/2003,0.3235,0.2941,0.3824,1,884.57,843.68,880.9
3/27/2003,0.3942,0.2788,0.3269,1,895.79,862.02,869.95
3/20/2003,0.4286,0.1905,0.381,1,874.99,827.17,874.02
3/13/2003,0.3429,0.1429,0.5143,1,828.89,788.9,804.19
3/6/2003,0.3333,0.2727,0.3939,1,852.34,819,829.85
2/27/2003,0.2602,0.2683,0.4715,1,848.17,818.54,827.55
2/20/2003,0.2105,0.2105,0.5789,1,852.87,834.89,845.13
2/13/2003,0.219,0.4,0.381,1,843.02,818.49,818.68
2/6/2003,0.2286,0.5143,0.2571,1,864.64,840.19,843.59
1/30/2003,0.2553,0.266,0.4787,1,868.72,844.25,864.36
1/23/2003,0.25,0.3182,0.4318,1,906,877.64,878.36
1/16/2003,0.2917,0.4167,0.2917,1,935.05,916.7,918.22
1/9/2003,0.381,0.1905,0.4286,1,931.77,908.32,909.93
1/2/2003,0.3243,0.2973,0.3784,1,882.1,869.45,879.82
12/26/2002,0.4,0.28,0.32,1,902.43,892.26,897.38
12/19/2002,0.4286,0.2714,0.3,1,911.22,887.82,891.12
12/12/2002,0.4138,0.3448,0.2414,1,912.23,891.97,904.96
12/5/2002,0.5294,0.2941,0.1765,1,954.28,927.72,934.53
11/28/2002,0.5106,0.1702,0.3191,1,941.82,912.1,936.31
11/21/2002,0.5056,0.2809,0.2135,1,915.91,893.09,914.15
11/14/2002,0.4865,0.1892,0.3243,1,894.74,872.05,882.53
11/7/2002,0.5,0.2368,0.2632,1,925.66,900.96,923.76
10/31/2002,0.5147,0.2059,0.2794,1,907.44,867.91,890.71
10/24/2002,0.4458,0.2169,0.3373,1,900.69,873.06,896.14
10/17/2002,0.3947,0.2105,0.3947,1,881.27,828.37,860.02
10/10/2002,0.2885,0.1635,0.5481,1,808.86,775.8,776.76
10/3/2002,0.3521,0.169,0.4789,1,851.93,800.2,827.91
9/26/2002,0.2451,0.2843,0.4706,1,845.39,817.38,839.66
9/19/2002,0.3378,0.2297,0.4324,1,902.68,839.09,845.39
9/12/2002,0.3836,0.2466,0.3699,1,924.02,882.92,909.45
9/5/2002,0.3148,0.1852,0.5,1,916.07,875.73,893.4
8/29/2002,0.5,0.2097,0.2903,1,955.82,913.21,917.87
8/22/2002,0.4375,0.1667,0.3958,1,951.59,927.21,949.36
8/15/2002,0.3793,0.2069,0.4138,1,920.21,876.2,919.62
8/8/2002,0.377,0.2295,0.3934,1,878.74,833.44,876.77
8/1/2002,0.3421,0.3421,0.3158,1,911.64,852.84,911.62
7/25/2002,0.2791,0.2326,0.4884,1,854.13,775.68,843.43
7/18/2002,0.2625,0.2,0.5375,1,926.52,876.46,906.04
7/11/2002,0.3505,0.2268,0.4227,1,993.56,920.29,920.47
7/3/2002,0.2656,0.2656,0.4688,1,994.46,934.87,989.03
6/27/2002,0.3097,0.2301,0.4602,1,1005.88,952.92,973.53
6/20/2002,0.4571,0.2857,0.2571,1,1040.83,1007.27,1019.99
6/13/2002,0.3182,0.3455,0.3364,1,1039.04,1002.58,1020.26
6/6/2002,0.3279,0.2787,0.3934,1,1070.74,1030.52,1049.9
5/29/2002,0.2826,0.3152,0.4022,1,1085.98,1067.66,1067.66
5/23/2002,0.2619,0.3333,0.4048,1,1106.59,1075.64,1086.02
5/16/2002,0.3679,0.3491,0.283,1,1104.23,1053.9,1091.07
5/9/2002,0.3026,0.2895,0.4079,1,1088.92,1048.96,1088.85
5/2/2002,0.2703,0.3964,0.3333,1,1088.32,1063.46,1086.46
4/25/2002,0.3667,0.4,0.2333,1,1125.17,1092.51,1093.14
4/18/2002,0.402,0.3659,0.2317,1,1133,1099.41,1126.07
4/11/2002,0.2821,0.3846,0.3333,1,1131.76,1111.79,1130.47
4/4/2002,0.4048,0.3929,0.2024,1,1147.84,1119.68,1125.4
3/28/2002,0.5116,0.2558,0.2326,1,1151.04,1131.61,1144.58
3/21/2002,0.5323,0.3548,0.1129,1,1173.94,1151.61,1151.85
3/14/2002,0.5645,0.2903,0.1452,1,1173.03,1151.01,1154.09
3/7/2002,0.5333,0.3111,0.1555,1,1172.76,1130.93,1164.31
2/28/2002,0.4444,0.3519,0.2037,1,1131.79,1089.84,1131.78
2/21/2002,0.3636,0.3818,0.2545,1,1104.18,1074.36,1089.84
2/14/2002,0.4516,0.3871,0.1613,1,1124.72,1094.68,1104.18
2/7/2002,0.375,0.3958,0.2293,1,1122.2,1077.78,1096.22
1/31/2002,0.4545,0.3182,0.2273,1,1138.63,1081.66,1122.2
1/24/2002,0.3469,0.3469,0.3061,1,1139.5,1117.43,1133.28
1/17/2002,0.2955,0.4091,0.2955,1,1148.81,1124.45,1127.58
1/10/2002,0.5479,0.2329,0.2192,1,1176.97,1145.45,1145.6
1/3/2002,0.5111,0.2444,0.2444,1,1176.55,1136.23,1172.51
12/27/2001,0.5769,0.1538,0.2692,1,1164.64,1144.62,1161.02
12/20/2001,0.5246,0.2131,0.2623,1,1152.44,1122.66,1144.89
12/13/2001,0.614,0.2456,0.1404,1,1158.31,1114.53,1123.09
12/6/2001,0.5918,0.1633,0.2449,1,1173.62,1125.78,1158.31
11/29/2001,0.6933,0.1067,0.2,1,1163.38,1125.51,1139.45
11/22/2001,0.5833,0.1667,0.25,1,1152.45,1129.78,1150.34
11/15/2001,0.4545,0.2121,0.3333,1,1148.28,1098.32,1138.65
11/8/2001,0.3462,0.2308,0.4231,1,1135.75,1087.2,1120.31
11/1/2001,0.35,0.3167,0.3333,1,1104.61,1053.61,1087.2
10/25/2001,0.5588,0.2647,0.1765,1,1110.61,1065.64,1104.61
10/18/2001,0.6056,0.1831,0.2113,1,1107.12,1057.24,1073.48
10/11/2001,0.4737,0.2456,0.2807,1,1099.16,1052.76,1091.65
10/4/2001,0.5122,0.1951,0.2927,1,1084.12,1026.76,1071.38
9/27/2001,0.5111,0.2667,0.2222,1,1040.94,965.8,1040.94
9/20/2001,0.3108,0.2432,0.4459,1,1092.54,944.75,965.8
9/13/2001,0.2667,0.3667,0.3667,1,1092.54,1073.15,1092.54
9/6/2001,0.3034,0.3596,0.3371,1,1155.4,1082.12,1085.78
8/30/2001,0.3143,0.4571,0.2286,1,1186.85,1124.87,1133.58
8/23/2001,0.3448,0.3448,0.3103,1,1185.15,1153.34,1184.93
8/16/2001,0.3542,0.2708,0.375,1,1198.79,1156.07,1161.97
8/9/2001,0.3494,0.3735,0.2771,1,1214.35,1169.55,1190.16
8/2/2001,0.3636,0.2727,0.3636,1,1226.27,1200.41,1214.35
7/26/2001,0.2952,0.3238,0.381,1,1215.22,1165.54,1205.82
7/19/2001,0.5,0.3478,0.1522,1,1225.04,1196.14,1210.85
7/12/2001,0.2527,0.3846,0.3626,1,1218.54,1168.46,1215.68
7/5/2001,0.4074,0.4074,0.1852,1,1239.78,1188.74,1190.59
6/28/2001,0.3038,0.3671,0.3291,1,1237.29,1204.64,1224.38
6/21/2001,0.3333,0.4333,0.2333,1,1240.24,1207.71,1225.35
6/14/2001,0.3051,0.4746,0.2203,1,1264.96,1203.03,1214.36
6/7/2001,0.4255,0.3191,0.2553,1,1286.62,1256.36,1264.96
5/31/2001,0.4935,0.2208,0.2857,1,1278.42,1245.96,1260.67
5/24/2001,0.619,0.2143,0.1667,1,1315.93,1276.42,1277.89
5/17/2001,0.5176,0.2941,0.1882,1,1296.48,1241.02,1291.96
5/10/2001,0.5333,0.2889,0.1778,1,1270,1240.79,1245.67
5/3/2001,0.6351,0.1487,0.2162,1,1272.93,1232,1266.61
4/26/2001,0.4655,0.2241,0.3103,1,1253.07,1207.38,1253.05
4/19/2001,0.4375,0.25,0.3125,1,1253.71,1167.38,1242.98
4/12/2001,0.303,0.2879,0.4091,1,1183.51,1126.38,1183.5
4/5/2001,0.3514,0.2613,0.3874,1,1169.51,1091.99,1128.43
3/29/2001,0.3725,0.3529,0.2745,1,1183.35,1136.26,1160.33
3/22/2001,0.2778,0.25,0.4722,1,1180.56,1081.19,1139.83
3/15/2001,0.3091,0.3273,0.3636,1,1233.42,1148.64,1150.53
3/8/2001,0.3163,0.3673,0.3163,1,1267.42,1228.42,1233.42
3/1/2001,0.4595,0.2027,0.3378,1,1272.76,1214.5,1234.18
2/22/2001,0.2632,0.3509,0.386,1,1336.62,1293.18,1301.53
2/15/2001,0.3043,0.4783,0.2174,1,1363.55,1309.98,1314.76
2/8/2001,0.5556,0.3,0.1444,1,1383.37,1348.72,1349.47
2/1/2001,0.5,0.3077,0.1923,1,1369.75,1333.84,1354.95
1/25/2001,0.4923,0.2462,0.2615,1,1354.55,1313.33,1342.54
1/18/2001,0.3659,0.3902,0.2439,1,1333.21,1276.29,1318.55
1/11/2001,0.3571,0.2143,0.4286,1,1350.24,1274.62,1298.35
1/4/2001,0.4259,0.3333,0.2407,1,1340.1,1301.64,1320.28
12/28/2000,0.4,0.28,0.32,1,1346.44,1254.07,1305.95
12/21/2000,0.3111,0.1778,0.5111,1,1389.05,1305.38,1312.15
12/14/2000,0.5962,0.0769,0.3269,1,1380.33,1310.23,1369.89
12/7/2000,0.4706,0.1569,0.3725,1,1362.5,1294.9,1315.23
11/30/2000,0.6042,0.2292,0.1667,1,1367.72,1321.89,1341.77
11/23/2000,0.3651,0.2698,0.3651,1,1395.96,1328.62,1367.72
11/16/2000,0.4583,0.375,0.1667,1,1438.46,1365.97,1365.98
11/9/2000,0.6286,0.2857,0.0857,1,1433.4,1376.86,1426.69
11/2/2000,0.5161,0.2581,0.2258,1,1415.64,1337.81,1379.58
10/26/2000,0.641,0.1795,0.1795,1,1408.47,1305.79,1396.93
10/19/2000,0.4889,0.2667,0.2444,1,1409.69,1327.08,1374.17
10/12/2000,0.4146,0.2683,0.3171,1,1454.82,1397.06,1408.99
10/5/2000,0.4194,0.3226,0.2581,1,1461.69,1419.44,1436.51
9/28/2000,0.5333,0.4,0.0667,1,1467.77,1421.88,1448.72
9/21/2000,0.4375,0.375,0.1875,1,1506.76,1460.22,1465.81
9/14/2000,0.4118,0.3529,0.2353,1,1520.77,1489.88,1494.5
9/7/2000,0.625,0.2917,0.0833,1,1530.09,1500.09,1520.77
8/31/2000,0.5588,0.2647,0.1765,1,1513.47,1489.52,1506.45
8/23/2000,0.5769,0.1923,0.2308,1,1499.47,1468.56,1491.72
8/17/2000,0.5938,0.2188,0.1875,1,1490.33,1453.06,1471.84
8/10/2000,0.541,0.3443,0.1148,1,1462.93,1418.71,1462.93
8/3/2000,0.413,0.3478,0.2391,1,1485.88,1413.89,1419.89
7/27/2000,0.4286,0.3714,0.2,1,1517.32,1477.91,1480.19
7/20/2000,0.6667,0.2133,0.12,1,1509.99,1470.48,1509.98
7/13/2000,0.65,0.15,0.2,1,1484.12,1439.56,1478.9
7/6/2000,0.561,0.2805,0.1585,1,1467.63,1434.63,1454.6
6/22/2000,0.2667,0.3333,0.4,1,1488.93,1438.31,1441.48
6/15/2000,0.4375,0.375,0.1875,1,1483.62,1442.38,1464.46
6/8/2000,0.6154,0.1538,0.2308,1,1477.28,1454.74,1456.95
6/1/2000,0.4167,0.2083,0.375,1,1483.23,1378.02,1477.26
5/25/2000,0.3492,0.2857,0.3651,1,1411.65,1361.09,1378.02
5/18/2000,0.3529,0.2353,0.4118,1,1470.4,1401.74,1406.95
5/11/2000,0.3023,0.4419,0.2558,1,1432.63,1375.14,1420.96
5/4/2000,0.3478,0.3043,0.3478,1,1481.51,1398.36,1432.63
4/27/2000,0.6129,0.2419,0.1452,1,1482.94,1407.13,1452.43
4/20/2000,0.6373,0.1373,0.2255,1,1447.69,1346.5,1434.54
4/13/2000,0.5185,0.1852,0.2963,1,1527.19,1339.4,1356.56
4/6/2000,0.4583,0.3333,0.2083,1,1526.45,1416.41,1516.35
3/30/2000,0.3889,0.1111,0.5,1,1534.63,1474.63,1498.58
3/23/2000,0.6571,0.1429,0.2,1,1552.87,1446.06,1527.46
3/16/2000,0.5,0.2333,0.2667,1,1477.33,1356.99,1464.47
3/8/2000,0.5833,0.25,0.1667,1,1413.46,1346.62,1395.07
3/2/2000,0.3667,0.4,0.2333,1,1410.88,1325.07,1409.17
2/24/2000,0.4138,0.2759,0.3103,1,1370.11,1329.15,1333.36
2/17/2000,0.2727,0.4848,0.2424,1,1407.72,1345.32,1346.09
2/10/2000,0.4186,0.3023,0.2791,1,1444.55,1378.89,1387.12
2/3/2000,0.5111,0.2444,0.2444,1,1435.91,1350.14,1424.37
1/27/2000,0.537,0.2593,0.2037,1,1454.09,1356.2,1360.16
1/20/2000,0.5714,0.25,0.1786,1,1465.71,1438.54,1441.36
1/13/2000,0.5926,0.2222,0.1852,1,1473,1427.08,1465.15
1/6/2000,0.75,0.1166,0.1333,1,1478,1377.68,1441.47
12/30/1999,0.6,0.25,0.15,1,1473.1,1450.83,1469.25
12/23/1999,0.52,0.31,0.17,1,1461.44,1410.97,1458.34
12/16/1999,0.54,0.26,0.2,1,1431.13,1396.2,1421.03
12/9/1999,0.62,0.27,0.11,1,1434.19,1391.47,1417.04
12/2/1999,0.62,0.25,0.13,1,1447.54,1386.95,1433.3
11/24/1999,0.55,0.28,0.17,1,1425.25,1399.18,1416.62
11/18/1999,0.46,0.32,0.22,1,1425.31,1392.28,1422
11/11/1999,0.48,0.26,0.26,1,1396.12,1359.98,1396.06
11/4/1999,0.43,0.35,0.22,1,1387.48,1346.41,1370.23
10/28/1999,0.38,0.38,0.24,1,1373.17,1280.48,1362.93
10/21/1999,0.38,0.37,0.25,1,1303.81,1233.7,1301.65
10/14/1999,0.42,0.39,0.19,1,1344.26,1245.44,1247.41
10/7/1999,0.34,0.38,0.28,1,1336.61,1282.81,1336.02
9/30/1999,0.35,0.42,0.23,1,1295.03,1256.26,1282.81
9/23/1999,0.36,0.36,0.28,1,1338.38,1263.84,1277.36
9/16/1999,0.36,0.43,0.21,1,1351.66,1317.97,1335.42
9/9/1999,0.37,0.38,0.25,1,1361.35,1333.94,1351.66
9/2/1999,0.44,0.38,0.18,1,1357.74,1304.88,1357.24
8/26/1999,0.35,0.4,0.25,1,1382.84,1336.61,1348.27
8/19/1999,0.31,0.46,0.23,1,1344.16,1315.35,1336.61
8/12/1999,0.3,0.4,0.3,1,1327.72,1267.73,1327.68
8/5/1999,0.3,0.46,0.24,1,1344.69,1287.23,1300.29
7/29/1999,0.42,0.38,0.2,1,1370.39,1328.49,1328.72
7/22/1999,0.55,0.23,0.22,1,1420.33,1349.91,1356.94
7/15/1999,0.54,0.28,0.18,1,1418.78,1386.51,1418.78
7/8/1999,0.43,0.36,0.21,1,1405.29,1384.95,1403.28
7/1/1999,0.35,0.38,0.27,1,1391.22,1315.31,1391.22
6/24/1999,0.3,0.39,0.31,1,1351.12,1308.47,1315.31
6/17/1999,0.38,0.35,0.27,1,1344.48,1292.2,1342.84
6/10/1999,0.32,0.4,0.28,1,1336.42,1287.88,1293.64
6/3/1999,0.32,0.36,0.32,1,1327.75,1277.47,1327.75
5/27/1999,0.38,0.42,0.2,1,1333.02,1277.31,1301.84
5/20/1999,0.43,0.31,0.26,1,1350.49,1321.19,1330.29
5/13/1999,0.43,0.31,0.26,1,1375.98,1332.63,1337.8
5/6/1999,0.54,0.32,0.14,1,1354.64,1317.44,1345
4/29/1999,0.41,0.32,0.27,1,1371.56,1314.58,1335.18
4/22/1999,0.38,0.32,0.3,1,1363.65,1284.21,1356.85
4/15/1999,0.41,0.31,0.28,1,1362.1,1308.38,1319
4/8/1999,0.36,0.38,0.26,1,1351.22,1293.72,1348.35
4/1/1999,0.4,0.35,0.25,1,1313.6,1282.56,1293.72
3/25/1999,0.38,0.33,0.29,1,1303.84,1256.43,1282.8
3/18/1999,0.48,0.31,0.21,1,1323.82,1291.03,1299.29
3/11/1999,0.37,0.42,0.21,1,1306.43,1271.58,1294.59
3/4/1999,0.36,0.45,0.19,1,1275.73,1216.03,1275.47
2/25/1999,0.37,0.39,0.24,1,1283.84,1225.01,1238.33
2/18/1999,0.37,0.39,0.24,1,1252.17,1220.7,1239.22
2/11/1999,0.48,0.35,0.17,1,1254.05,1211.89,1230.13
2/4/1999,0.48,0.38,0.14,1,1283.75,1232.28,1239.4
1/28/1999,0.47,0.33,0.2,1,1280.37,1219.4,1279.64
1/21/1999,0.56,0.24,0.2,1,1274.07,1217.97,1225.19
1/14/1999,0.51,0.28,0.21,1,1276.22,1205.46,1243.26
1/7/1999,0.38,0.39,0.23,1,1278.24,1219.1,1275.09
12/31/1998,0.41,0.37,0.22,1,1244.93,1200.78,1229.23
12/23/1998,0.34,0.34,0.32,1,1229.89,1188.03,1226.27
12/17/1998,0.41,0.34,0.25,1,1188.89,1136.89,1188.03
12/10/1998,0.44,0.3,0.26,1,1193.53,1153.19,1166.46
12/3/1998,0.49,0.3,0.21,1,1192.72,1150.14,1176.74
11/25/1998,0.48,0.35,0.17,1,1192.97,1163.55,1192.33
11/19/1998,0.4,0.42,0.18,1,1163.55,1125.72,1163.55
11/12/1998,0.5,0.36,0.14,1,1141.01,1115.55,1125.72
11/5/1998,0.38,0.42,0.2,1,1141.3,1098.67,1141.01
10/29/1998,0.43,0.36,0.21,1,1103.78,1059.66,1098.67
10/22/1998,0.32,0.35,0.33,1,1084.06,1054.23,1070.67
10/15/1998,0.25,0.34,0.41,1,1062.65,984.39,1056.42
10/8/1998,0.25,0.43,0.32,1,1008.77,923.32,984.39
10/1/1998,0.32,0.35,0.33,1,1061.46,971.65,1002.6
9/24/1998,0.34,0.38,0.28,1,1066.11,993.82,1044.75
9/17/1998,0.34,0.35,0.31,1,1046.07,1009.06,1020.09
9/10/1998,0.29,0.31,0.4,1,1027.72,968.64,1009.06
9/3/1998,0.23,0.37,0.4,1,1033.47,939.98,973.89
8/27/1998,0.23,0.32,0.45,1,1106.64,1021.04,1027.04
8/20/1998,0.25,0.42,0.33,1,1106.32,1054.92,1081.24
8/13/1998,0.27,0.38,0.35,1,1092.82,1054,1062.75
8/6/1998,0.3,0.44,0.26,1,1121.79,1057.35,1089.45
7/30/1998,0.44,0.36,0.2,1,1147.27,1114.3,1120.67
7/23/1998,0.37,0.39,0.24,1,1190.58,1129.11,1140.8
7/16/1998,0.35,0.44,0.21,1,1188.1,1160.21,1186.75
7/9/1998,0.36,0.44,0.2,1,1166.93,1145.03,1164.33
7/2/1998,0.33,0.48,0.19,1,1148.56,1131.91,1146.42
6/25/1998,0.28,0.44,0.28,1,1142.04,1099.42,1133.2
6/18/1998,0.29,0.38,0.33,1,1112.87,1074.67,1100.65
6/11/1998,0.27,0.49,0.24,1,1126,1080.83,1098.84
6/4/1998,0.25,0.44,0.31,1,1113.88,1078.1,1113.86
5/28/1998,0.34,0.4,0.26,1,1116.79,1074.39,1090.82
5/21/1998,0.38,0.39,0.23,1,1124.45,1097.99,1110.47
5/14/1998,0.33,0.41,0.26,1,1124.03,1102.78,1108.73
5/7/1998,0.43,0.34,0.23,1,1130.52,1094.53,1108.14
4/30/1998,0.44,0.31,0.25,1,1121.02,1076.7,1121
4/23/1998,0.4,0.38,0.22,1,1132.98,1104.77,1107.9
4/16/1998,0.53,0.32,0.15,1,1122.72,1100.6,1122.72
4/9/1998,0.41,0.36,0.23,1,1131.99,1098.21,1110.67
4/2/1998,0.46,0.32,0.22,1,1090.02,1110.13,1108.15
3/26/1998,0.45,0.35,0.2,1,1113.07,1090.02,1093.55
3/19/1998,0.4,0.38,0.22,1,1101.04,1068.61,1099.16
3/12/1998,0.44,0.36,0.2,1,1075.86,1050.02,1068.61
3/5/1998,0.53,0.34,0.13,1,1055.69,1044.7,1055.69
2/26/1998,0.53,0.33,0.14,1,1051.66,1028.89,1049.34
2/19/1998,0.42,0.43,0.15,1,1034.21,1020.09,1034.21
2/12/1998,0.45,0.36,0.19,1,1026.3,1006.28,1020.09
2/5/1998,0.3,0.45,0.25,1,1013.51,980.28,1012.46
1/30/1998,0.38,0.42,0.2,1,992.65,954.24,980.28
1/23/1998,0.31,0.39,0.3,1,978.6,950.86,957.59
1/16/1998,0.38,0.45,0.17,1,965.12,912.83,961.51
1/8/1998,0.42,0.4,0.18,1,982.63,921.72,927.69
12/31/1997,0.34,0.35,0.31,1,975.02,936.46,975.04
12/24/1997,0.41,0.36,0.23,1,956.73,932.7,936.46
12/18/1997,0.4,0.41,0.19,1,974.3,924.92,946.78
12/11/1997,0.46,0.37,0.17,1,985.67,947,953.39
12/4/1997,0.49,0.33,0.18,1,986.25,966.16,983.79
11/26/1997,0.4,0.4,0.2,1,963.09,944.71,955.4
11/20/1997,0.4,0.38,0.22,1,963.09,938.23,963.09
11/13/1997,0.45,0.38,0.17,1,935.9,900.16,928.35
11/6/1997,0.38,0.37,0.25,1,949.62,914.62,927.51
10/30/1997,0.41,0.36,0.23,1,941.64,855.27,914.62
10/23/1997,0.4,0.46,0.14,1,972.61,937.55,941.64
10/16/1997,0.43,0.36,0.21,1,973.46,931.58,944.16
10/9/1997,0.43,0.43,0.14,1,983.12,963.34,966.98
10/2/1997,0.38,0.43,0.19,1,975.47,941.94,965.03
9/25/1997,0.39,0.42,0.19,1,960.59,937.38,945.22
9/18/1997,0.4,0.44,0.16,1,952.35,919.41,950.51
9/11/1997,0.42,0.36,0.22,1,938.9,902.56,923.91
9/4/1997,0.37,0.38,0.25,1,940.37,899.47,929.05
8/28/1997,0.5,0.28,0.22,1,920.16,899.47,899.47
8/21/1997,0.47,0.33,0.2,1,939.47,905.52,923.55
8/14/1997,0.49,0.3,0.21,1,942.99,900.81,900.81
8/7/1997,0.49,0.28,0.23,1,964.17,925.74,933.54
7/31/1997,0.48,0.26,0.26,1,955.35,932.56,947.14
7/24/1997,0.53,0.25,0.22,1,945.65,907.12,938.79
7/17/1997,0.54,0.3,0.16,1,939.32,912.02,915.3
7/10/1997,0.49,0.33,0.18,1,923.26,902.48,916.68
7/3/1997,0.45,0.3,0.25,1,917.82,879.82,916.92
6/26/1997,0.52,0.25,0.23,1,902.09,878.43,887.3
6/19/1997,0.59,0.26,0.15,1,901.77,886.19,898.7
6/12/1997,0.49,0.35,0.16,1,894.69,858.01,893.27
6/5/1997,0.52,0.33,0.15,1,859.24,838.82,858.01
5/29/1997,0.4,0.4,0.2,1,851.87,831.87,848.28
5/22/1997,0.4,0.35,0.25,1,848.49,826.41,847.03
5/15/1997,0.41,0.36,0.23,1,842.45,824.78,829.75
5/8/1997,0.3,0.44,0.26,1,832.29,811.8,824.78
5/1/1997,0.27,0.44,0.29,1,812.99,763.3,812.97
4/24/1997,0.28,0.4,0.32,1,779.89,756.38,765.37
4/17/1997,0.31,0.41,0.28,1,768.55,733.54,766.34
4/10/1997,0.26,0.37,0.37,1,769.53,737.64,737.65
4/3/1997,0.29,0.4,0.31,1,759.64,750.32,757.9
3/27/1997,0.27,0.4,0.33,1,790.89,773.88,773.88
3/20/1997,0.36,0.42,0.22,1,797.18,786.29,784.1
3/13/1997,0.34,0.36,0.3,1,814.9,789.44,793.17
3/6/1997,0.43,0.37,0.2,1,808.19,785.66,804.97
2/27/1997,0.63,0.22,0.15,1,812.85,788.5,790.82
2/20/1997,0.44,0.36,0.2,1,817.68,799.99,801.77
2/13/1997,0.45,0.37,0.18,1,812.93,780.95,808.48
2/6/1997,0.47,0.29,0.24,1,789.72,773.43,789.56
1/30/1997,0.51,0.33,0.16,1,791.86,761.75,786.16
1/23/1997,0.37,0.41,0.22,1,794.67,768.17,770.52
1/16/1997,0.42,0.32,0.26,1,776.17,759.51,776.17
1/9/1997,0.36,0.39,0.25,1,759.65,742.18,759.5
1/2/1997,0.43,0.33,0.24,1,753.85,737.01,748.03
12/26/1996,0.37,0.33,0.3,1,756.79,746.92,756.79
12/19/1996,0.33,0.28,0.39,1,755.41,716.69,748.87
12/12/1996,0.4,0.28,0.32,1,753.43,718.98,728.64
12/5/1996,0.41,0.26,0.33,1,761.75,726.98,739.6
11/27/1996,0.52,0.27,0.21,1,762.12,741.08,755
11/21/1996,0.43,0.3,0.27,1,748.73,737.02,748.73
11/14/1996,0.37,0.34,0.29,1,741.92,728.03,737.62
11/7/1996,0.26,0.45,0.29,1,730.82,702.84,730.82
10/31/1996,0.37,0.29,0.34,1,708.6,696.22,703.77
10/24/1996,0.42,0.33,0.25,1,714.1,700.53,700.92
10/17/1996,0.39,0.36,0.25,1,711.04,699.07,710.82
10/10/1996,0.38,0.36,0.26,1,705.76,693.34,700.66
10/3/1996,0.4,0.31,0.29,1,701.74,686.03,701.46
9/26/1996,0.34,0.39,0.27,1,690.88,681.01,686.19
9/19/1996,0.28,0.41,0.31,1,687.07,679.06,687.03
9/12/1996,0.26,0.46,0.28,1,681.39,655.68,680.54
9/5/1996,0.29,0.35,0.36,1,658.21,643.97,655.68
8/29/1996,0.28,0.43,0.29,1,670.68,650.52,651.99
8/22/1996,0.28,0.46,0.26,1,670.68,662.16,667.03
8/15/1996,0.43,0.37,0.2,1,666.34,658.47,665.21
8/8/1996,0.27,0.42,0.31,1,665.37,656.83,662.1
8/1/1996,0.29,0.38,0.33,1,662.49,629.22,662.49
7/25/1996,0.3,0.32,0.38,1,638.73,616.43,635.9
7/18/1996,0.29,0.45,0.26,1,646.19,605.88,638.73
7/11/1996,0.4,0.35,0.25,1,657.65,639.52,646.19
7/3/1996,0.32,0.44,0.24,1,675.88,670.21,672.4
6/27/1996,0.42,0.41,0.17,1,672.68,661.56,670.63
6/20/1996,0.42,0.32,0.26,1,668.27,661.34,666.84
6/13/1996,0.49,0.28,0.23,1,676.72,664.35,665.85
6/6/1996,0.47,0.28,0.25,1,680.32,662.48,673.31
5/30/1996,0.61,0.29,0.1,1,679.98,664.56,669.12
5/23/1996,0.51,0.35,0.14,1,681.1,667.64,678.51
5/16/1996,0.37,0.4,0.23,1,669.84,645.44,668.91
5/9/1996,0.46,0.38,0.16,1,652.09,638.26,652.09
5/2/1996,0.48,0.31,0.21,1,656.44,640.23,641.63
4/25/1996,0.28,0.4,0.32,1,656.43,643.61,653.46
4/18/1996,0.36,0.38,0.26,1,647.32,631.18,645.07
4/11/1996,0.4,0.42,0.18,1,655.86,624.14,636.71
4/4/1996,0.4,0.43,0.17,1,656.68,645.5,655.86
3/28/1996,0.45,0.31,0.24,1,652.97,645.5,645.5
3/21/1996,0.47,0.31,0.22,1,656.18,641.43,650.62
3/14/1996,0.36,0.35,0.29,1,641.43,637.09,641.43
3/7/1996,0.44,0.28,0.28,1,656.97,627.63,633.5
2/29/1996,0.45,0.28,0.27,1,659.08,635,644.37
2/22/1996,0.49,0.22,0.29,1,663,638.79,659.08
2/15/1996,0.54,0.21,0.25,1,664.23,646.99,647.98
2/8/1996,0.53,0.31,0.16,1,656.37,641.43,656.37
2/1/1996,0.54,0.31,0.15,1,639.26,621.42,635.84
1/25/1996,0.36,0.4,0.24,1,621.62,610.65,621.62
1/18/1996,0.42,0.29,0.29,1,612.92,598.47,611.83
1/11/1996,,,,,619.15,597.29,601.81
1/4/1996,0.55,0.18,0.27,1,624.52,612.02,616.71
12/28/1995,0.46,0.34,0.2,1,615.93,611.96,615.93
12/21/1995,0.48,0.28,0.24,1,616.34,605.05,611.96
12/14/1995,0.51,0.23,0.26,1,621.69,616.34,616.34
12/7/1995,0.48,0.28,0.24,1,621.11,606.85,617.48
11/30/1995,0.51,0.3,0.19,1,608.69,599.02,606.98
11/22/1995,0.48,0.18,0.34,1,600.71,595.42,598.4
11/16/1995,0.46,0.31,0.23,1,600.14,588.36,600.07
11/9/1995,0.49,0.35,0.16,1,593.9,584.24,592.72
11/2/1995,0.47,0.34,0.19,1,590.57,579.7,590.57
10/26/1995,0.46,0.33,0.21,1,587.46,572.53,579.7
10/19/1995,0.47,0.32,0.21,1,590.66,581.9,587.46
10/12/1995,0.41,0.3,0.29,1,587.39,571.55,584.5
10/5/1995,0.39,0.37,0.24,1,585.05,578.48,582.49
9/28/1995,0.42,0.27,0.31,1,587.61,574.68,584.41
9/21/1995,0.46,0.25,0.29,1,586.79,578.25,581.73
9/14/1995,0.46,0.32,0.22,1,585.07,572.68,583.35
9/7/1995,0.37,0.36,0.27,1,572.68,563.84,572.68
8/31/1995,0.38,0.42,0.2,1,564.62,555.71,563.84
8/24/1995,0.35,0.28,0.37,1,563.34,555.2,560.1
8/17/1995,0.36,0.43,0.21,1,561.24,554.76,559.21
8/10/1995,0.4,0.3,0.3,1,561.59,553.04,555.11
8/3/1995,0.38,0.34,0.28,1,565.62,554.1,558.94
7/27/1995,0.41,0.26,0.33,1,565.4,553.62,562.93
7/20/1995,0.43,0.3,0.27,1,562.72,550.98,553.62
7/13/1995,0.44,0.18,0.38,1,562,553.8,559.89
7/6/1995,0.35,0.34,0.31,1,556.37,544.43,556.37
6/29/1995,0.35,0.28,0.37,1,549.79,540.79,544.75
6/22/1995,0.48,0.21,0.31,1,551.07,539.83,549.71
6/15/1995,0.36,0.31,0.33,1,539.98,527.94,539.83
6/8/1995,0.44,0.25,0.31,1,537.73,526,527.94
6/1/1995,0.39,0.34,0.27,1,536.91,521.38,532.51
5/25/1995,0.44,0.26,0.3,1,531.91,519.19,523.65
5/18/1995,0.42,0.23,0.35,1,529.08,517.07,519.19
5/11/1995,0.44,0.26,0.3,1,527.05,519.14,525.55
5/4/1995,0.42,0.27,0.31,1,525.4,513.03,520.12
4/27/1995,0.52,0.29,0.19,1,515.29,507.44,514.71
4/20/1995,0.37,0.27,0.36,1,508.49,501.19,508.49
4/13/1995,0.4,0.23,0.37,1,509.83,503.59,509.23
4/6/1995,0.42,0.25,0.33,1,507.19,500.2,506.42
3/30/1995,0.52,0.23,0.25,1,508.15,495.7,500.71
3/23/1995,0.47,0.3,0.23,1,500.97,493.67,500.97
3/16/1995,0.39,0.41,0.2,1,496.67,489.35,495.52
3/9/1995,0.48,0.34,0.18,1,490.37,479.7,489.57
3/2/1995,0.53,0.26,0.21,1,488.11,483.07,485.42
2/23/1995,0.46,0.37,0.17,1,489.19,481.97,488.11
2/16/1995,0.43,0.37,0.2,1,485.54,480.89,481.97
2/9/1995,0.34,0.43,0.23,1,482.6,478.36,481.46
2/2/1995,0.38,0.37,0.25,1,479.91,467.49,478.64
1/26/1995,0.38,0.37,0.25,1,471.36,464.4,470.39
1/19/1995,0.37,0.39,0.24,1,470.43,463.99,464.78
1/12/1995,0.36,0.42,0.22,1,466.43,459.74,465.97
1/5/1995,0.44,0.31,0.25,1,462.49,457.2,460.68
12/29/1994,0.4,0.43,0.17,1,462.73,459,459.27
12/22/1994,0.42,0.25,0.33,1,461.7,455.34,459.67
12/15/1994,0.33,0.35,0.32,1,458.8,445.62,458.8
12/8/1994,0.3,0.35,0.35,1,455.04,442.88,446.96
11/30/1994,0.44,0.3,0.26,1,457.13,447.97,453.3
11/23/1994,0.39,0.32,0.29,1,466.25,444.18,449.93
11/17/1994,0.39,0.22,0.39,1,468.51,460.25,461.47
11/10/1994,0.37,0.31,0.32,1,469.95,461.25,462.35
11/3/1994,0.4,0.35,0.25,1,474.74,462.28,462.28
10/27/1994,0.43,0.38,0.19,1,473.78,458.26,473.77
10/20/1994,0.39,0.33,0.28,1,471.43,463.83,464.89
10/13/1994,0.35,0.39,0.26,1,471.3,455.1,469.1
10/6/1994,0.33,0.39,0.28,1,463.31,449.27,455.1
9/29/1994,0.38,0.32,0.3,1,464.84,459.01,462.69
9/22/1994,0.37,0.36,0.27,1,473.15,458.47,459.67
9/15/1994,0.45,0.25,0.3,1,474.81,466.15,471.19
9/8/1994,0.47,0.33,0.2,1,473.4,466.55,468.18
9/1/1994,0.43,0.34,0.23,1,477.59,470.67,470.99
8/25/1994,0.32,0.39,0.29,1,474.65,461.46,473.8
8/18/1994,0.3,0.4,0.3,1,465.91,459.89,463.68
8/11/1994,0.34,0.37,0.29,1,462.27,456.66,461.94
8/4/1994,0.22,0.52,0.26,1,462.77,456.08,457.09
7/28/1994,0.27,0.42,0.31,1,459.33,451.36,458.26
7/21/1994,0.34,0.38,0.28,1,455.71,450.69,453.11
7/14/1994,0.25,0.4,0.35,1,454.33,444.65,454.16
7/7/1994,0.28,0.32,0.4,1,449.75,444.18,449.55
6/30/1994,0.32,0.37,0.31,1,449.83,439.83,446.2
6/23/1994,0.29,0.45,0.26,1,458.45,442.51,442.8
6/16/1994,0.32,0.42,0.26,1,463.23,457.18,458.45
6/9/1994,0.28,0.47,0.25,1,461.87,455.43,458.67
6/2/1994,0.39,0.36,0.25,1,460.86,453.99,460.13
5/26/1994,0.29,0.33,0.38,1,457.77,451.79,457.33
5/19/1994,0.22,0.36,0.42,1,456.88,443.62,454.92
5/12/1994,0.38,0.32,0.3,1,447.82,440.78,444.14
5/5/1994,0.32,0.32,0.36,1,453.98,445.64,447.82
4/28/1994,0.27,0.35,0.38,1,452.79,447.58,450.91
4/21/1994,0.26,0.41,0.33,1,449.96,438.83,447.63
4/14/1994,0.29,0.23,0.48,1,450.89,442.62,446.18
4/7/1994,0.28,0.31,0.41,1,451.1,435.86,447.1
3/31/1994,0.23,0.33,0.44,1,465.29,436.16,445.77
3/24/1994,0.29,0.37,0.34,1,471.06,460.58,460.58
3/17/1994,0.24,0.41,0.35,1,471.09,465.48,471.06
3/10/1994,0.29,0.34,0.37,1,468.07,462.46,466.44
3/3/1994,0.31,0.42,0.27,1,469.16,457.67,464.74
2/24/1994,0.41,0.3,0.29,1,472.41,464.26,466.07
2/17/1994,0.4,0.36,0.24,1,475.13,466.07,467.69
2/10/1994,0.49,0.27,0.24,1,473.13,466.89,470.18
2/3/1994,0.38,0.29,0.33,1,482.85,469.28,469.81
1/27/1994,0.41,0.25,0.34,1,479.75,470.27,478.7
1/20/1994,0.48,0.26,0.26,1,475.56,472.21,474.72
1/13/1994,0.38,0.31,0.31,1,475.32,467.03,474.91
1/6/1994,0.4,0.33,0.27,1,470.26,464.36,469.9
12/30/1993,0.44,0.28,0.28,1,471.29,466.45,466.45
12/23/1993,0.36,0.31,0.33,1,468.97,463.34,467.38
12/16/1993,0.33,0.38,0.29,1,466.38,461.84,466.38
12/9/1993,0.37,0.39,0.24,1,466.89,462.66,463.93
12/2/1993,0.33,0.32,0.35,1,464.89,460.45,464.89
11/24/1993,0.45,0.3,0.25,1,462.9,457.08,462.36
11/18/1993,0.34,0.31,0.35,1,467.24,460.03,462.6
11/11/1993,0.35,0.3,0.35,1,465.84,454.36,465.39
11/4/1993,0.32,0.36,0.32,1,469.11,454.36,459.57
10/29/1993,0.43,0.33,0.24,1,468.76,462.05,467.83
10/22/1993,0.42,0.3,0.28,1,471.1,463.27,463.27
10/15/1993,0.31,0.38,0.31,1,471.1,456.4,469.5
10/8/1993,0.29,0.37,0.34,1,463.15,456.4,460.31
10/1/1993,0.26,0.34,0.4,1,462.17,456.92,461.29
9/24/1993,0.28,0.4,0.32,1,459.91,449.64,457.63
9/17/1993,0.32,0.34,0.34,1,463.38,456.31,458.83
9/10/1993,0.3,0.3,0.4,1,462.07,453.75,461.72
9/3/1993,0.38,0.33,0.29,1,463.8,459.19,461.34
8/27/1993,0.27,0.35,0.38,1,461.04,454.29,460.54
8/20/1993,0.29,0.41,0.3,1,456.99,448.96,456.16
8/13/1993,0.25,0.41,0.34,1,451.63,447.53,450.14
8/6/1993,0.26,0.42,0.32,1,450.43,446.94,448.68
7/30/1993,0.25,0.45,0.3,1,450.77,444.51,448.13
7/23/1993,0.24,0.43,0.33,1,449.22,443.71,447.1
7/16/1993,0.22,0.44,0.34,1,451.12,445.66,445.75
7/9/1993,0.21,0.45,0.34,1,448.96,441.4,448.13
7/2/1993,0.18,0.44,0.38,1,451.9,445.2,445.84
6/25/1993,0.28,0.38,0.34,1,448.64,443.19,447.6
6/18/1993,0.22,0.35,0.43,1,448.98,443.61,443.68
6/11/1993,0.23,0.36,0.41,1,452.49,444.09,447.26
6/4/1993,0.33,0.39,0.28,1,455.63,448.92,450.06
5/28/1993,0.24,0.37,0.39,1,454.55,444.89,450.19
5/21/1993,0.21,0.34,0.45,1,450.59,436.83,445.84
5/14/1993,0.2,0.41,0.39,1,445.42,438.1,439.56
5/7/1993,0.21,0.45,0.34,1,446.09,438.25,442.31
4/30/1993,0.22,0.37,0.41,1,442.29,432.3,440.19
4/23/1993,0.28,0.42,0.3,1,449.39,436.82,437.17
4/16/1993,0.31,0.35,0.34,1,450.4,441.84,448.94
4/9/1993,0.32,0.39,0.29,1,443.77,439.48,441.84
4/2/1993,0.37,0.36,0.27,1,454.88,440.71,441.39
3/26/1993,0.43,0.34,0.23,1,452.09,446.08,447.78
3/19/1993,0.41,0.32,0.27,1,453.32,447.99,450.18
3/12/1993,0.45,0.33,0.22,1,456.33,447.04,449.83
3/5/1993,0.27,0.36,0.37,1,450,441.07,446.11
2/26/1993,0.34,0.32,0.34,1,443.77,432.41,443.38
2/19/1993,0.46,0.27,0.27,1,444.58,428.25,434.22
2/12/1993,0.47,0.31,0.22,1,450.04,444.24,444.58
2/5/1993,0.44,0.34,0.22,1,449.86,438.78,448.93
1/29/1993,0.4,0.37,0.23,1,442.66,436.11,438.78
1/22/1993,0.41,0.38,0.21,1,437.82,432.48,436.11
1/15/1993,0.54,0.32,0.14,1,439.49,428.19,437.15
1/8/1993,0.2,0.49,0.31,1,437.32,426.88,429.05
1/1/1993,0.6,0.27,0.13,1,442.65,435.71,435.71
12/24/1992,0.55,0.3,0.15,1,441.64,438.25,439.77
12/18/1992,0.63,0.27,0.1,1,441.29,430.88,441.28
12/11/1992,0.43,0.42,0.15,1,436.99,432.06,433.73
12/4/1992,0.37,0.39,0.24,1,432.89,428.61,432.06
11/25/1992,0.43,0.37,0.2,1,429.41,422.5,429.19
11/20/1992,0.48,0.38,0.14,1,426.98,418.31,426.65
11/13/1992,0.37,0.44,0.19,1,423.1,416.79,422.43
11/6/1992,0.49,0.27,0.24,1,422.81,415.58,417.58
10/30/1992,0.35,0.35,0.3,1,421.16,413.7,418.68
10/23/1992,0.21,0.32,0.47,1,417.98,407.43,414.1
10/16/1992,0.2,0.24,0.56,1,411.73,407.43,411.73
10/9/1992,0.21,0.35,0.44,1,407.75,402.42,402.66
10/2/1992,0.3,0.35,0.35,1,418.67,410.45,410.47
9/25/1992,0.25,0.34,0.41,1,422.93,412.71,414.35
9/18/1992,0.21,0.42,0.37,1,425.27,417.77,422.93
9/11/1992,0.22,0.39,0.39,1,420.58,414.3,419.58
9/4/1992,0.14,0.44,0.42,1,420.31,413.35,417.08
8/28/1992,0.3,0.37,0.33,1,414.95,408.3,414.84
8/21/1992,0.22,0.34,0.44,1,421.89,413.58,414.85
8/14/1992,0.26,0.37,0.37,1,423.45,416.4,419.91
8/5/1992,0.28,0.39,0.33,1,424.36,421.92,422.19
7/31/1992,0.22,0.47,0.31,1,424.8,411.27,424.21
7/24/1992,0.32,0.44,0.24,1,415.62,409.94,411.6
7/17/1992,0.29,0.4,0.31,1,417.81,412.96,415.62
7/9/1992,0.23,0.42,0.35,1,414.62,409.16,414.62
7/2/1992,0.21,0.44,0.35,1,412.88,408.14,411.77
6/26/1992,0.39,0.34,0.27,1,404.04,403.12,403.45
6/19/1992,0.35,0.37,0.28,1,410.29,400.96,403.67
6/12/1992,0.31,0.46,0.23,1,413.36,406.64,409.76
6/5/1992,0.41,0.4,0.19,1,417.3,413.26,413.48
5/29/1992,0.41,0.43,0.16,1,416.74,411.41,415.35
5/22/1992,0.48,0.24,0.28,1,416.37,412.6,414.02
5/15/1992,0.4,0.37,0.23,1,418.49,410.09,410.09
5/8/1992,0.43,0.31,0.26,1,416.91,415.85,416.05
5/1/1992,0.29,0.36,0.35,1,414.95,408.45,412.53
4/24/1992,0.52,0.34,0.14,1,411.6,409.81,409.02
4/17/1992,0.37,0.38,0.25,1,416.28,406.08,416.05
4/10/1992,0.43,0.27,0.3,1,405.59,394.5,404.29
4/3/1992,0.35,0.42,0.23,1,404.23,400.5,401.55
3/27/1992,0.43,0.35,0.22,1,409.91,403.5,403.5
3/20/1992,0.48,0.29,0.23,1,411.3,406.39,411.3
3/13/1992,0.38,0.35,0.27,1,409.16,404.72,405.84
3/6/1992,0.45,0.29,0.26,1,413.78,403.65,404.44
2/28/1992,0.43,0.36,0.21,1,416.07,408.02,412.7
2/21/1992,0.47,0.25,0.28,1,413.9,407.38,411.46
2/14/1992,0.46,0.28,0.26,1,417.13,413.69,412.48
2/7/1992,0.36,0.39,0.25,1,413.85,409.53,411.09
1/31/1992,0.47,0.26,0.27,1,410.34,414.99,408.79
1/24/1992,0.46,0.25,0.29,1,418.13,412.64,415.48
1/17/1992,0.51,0.21,0.28,1,420.77,414.34,418.86
1/10/1992,0.48,0.27,0.25,1,420.5,413.31,415.1
1/3/1992,0.49,0.2,0.31,1,419.79,406.46,419.34
12/27/1991,0.39,0.29,0.32,1,406.58,386.96,406.46
12/20/1991,0.36,0.3,0.34,1,388.24,380.64,387.04
12/13/1991,0.33,0.36,0.31,1,385.04,374.78,384.47
12/6/1991,0.23,0.32,0.45,1,382.39,375.41,379.1
11/27/1991,0.33,0.27,0.4,1,378.11,375.22,376.55
11/22/1991,0.48,0.32,0.2,1,385.4,374.52,376.14
11/15/1991,0.38,0.33,0.29,1,398.22,382.62,382.62
11/8/1991,0.32,0.36,0.32,1,396.43,388.09,392.89
11/1/1991,0.52,0.12,0.36,1,395.1,384.2,391.32
10/25/1991,0.31,0.36,0.33,1,392.5,382.97,384.2
10/18/1991,0.3,0.31,0.39,1,393.81,381.45,392.5
10/11/1991,0.39,0.37,0.24,1,381.46,376.11,381.45
10/4/1991,0.35,0.3,0.35,1,390.03,381.24,381.24
9/27/1991,0.31,0.38,0.31,1,389.09,384.46,385.9
9/20/1991,0.32,0.48,0.2,1,389.42,382.77,387.92
9/13/1991,0.43,0.39,0.18,1,389.34,382.85,383.59
9/6/1991,0.36,0.31,0.33,1,397.62,387.36,389.1
8/30/1991,0.41,0.4,0.19,1,396.82,391.77,395.43
8/23/1991,0.32,0.36,0.32,1,395.34,374.09,394.17
8/16/1991,0.37,0.33,0.3,1,391.92,382.59,385.58
8/9/1991,0.26,0.45,0.29,1,391.8,384.29,387.12
8/2/1991,0.33,0.36,0.31,1,389.56,380.45,387.18
7/26/1991,0.35,0.42,0.23,1,384.86,378.15,380.93
7/19/1991,0.27,0.51,0.22,1,385.83,380.25,384.22
7/12/1991,0.41,0.39,0.2,1,380.25,375.74,380.25
7/3/1991,0.28,0.39,0.33,1,377.92,373.33,374.08
6/28/1991,0.28,0.37,0.35,1,374.4,370.65,371.16
6/21/1991,0.44,0.4,0.16,1,380.13,375.09,377.75
6/14/1991,0.47,0.31,0.22,1,382.29,376.65,382.29
6/7/1991,0.46,0.37,0.17,1,388.06,383.63,379.43
5/31/1991,0.42,0.35,0.23,1,389.83,381.94,389.83
5/24/1991,0.38,0.39,0.23,1,377.49,372.28,377.49
5/17/1991,0.42,0.32,0.26,1,376.76,368.57,372.39
5/10/1991,0.38,0.34,0.28,1,383.25,375.74,375.74
5/3/1991,0.39,0.33,0.28,1,380.8,373.66,380.8
4/26/1991,0.55,0.28,0.17,1,382.76,379.02,379.02
4/19/1991,0.39,0.39,0.22,1,390.45,381.19,384.2
4/12/1991,0.43,0.32,0.25,1,380.4,373.15,380.4
4/5/1991,0.58,0.22,0.2,1,379.77,371.3,375.36
3/29/1991,0.47,0.28,0.25,1,376.3,369.83,375.22
3/22/1991,0.42,0.31,0.27,1,372.11,366.58,367.48
3/15/1991,0.55,0.22,0.23,1,374.57,370.03,373.59
3/8/1991,0.5,0.21,0.29,1,376.72,369.33,374.95
3/1/1991,0.5,0.18,0.32,1,370.42,362.81,370.42
2/22/1991,0.57,0.2,0.23,1,369.39,365.14,365.65
2/15/1991,0.46,0.3,0.24,1,369.06,359.35,369.06
2/8/1991,0.36,0.28,0.36,1,359.35,343.05,359.35
2/1/1991,0.29,0.29,0.42,1,343.93,335.84,343.05
1/25/1991,0.25,0.25,0.5,1,336.07,328.31,336.07
1/18/1991,0.22,0.27,0.51,1,332.23,312.49,332.23
1/11/1991,0.22,0.3,0.48,1,315.44,311.49,315.23
1/4/1991,0.31,0.39,0.3,1,330.22,321,321
12/28/1990,0.3,0.3,0.4,1,330.85,328.29,328.72
12/21/1990,0.16,0.34,0.5,1,331.75,326.02,331.75
12/14/1990,0.31,0.31,0.38,1,330.19,326.44,326.82
12/7/1990,0.26,0.33,0.41,1,329.92,324.1,327.75
11/30/1990,0.22,0.33,0.45,1,322.22,316.42,322.22
11/21/1990,0.16,0.37,0.47,1,319.34,315.1,316.03
11/16/1990,0.12,0.33,0.55,1,320.4,317.02,317.12
11/9/1990,0.2,0.32,0.48,1,314.59,306.01,313.74
11/2/1990,0.2,0.36,0.44,1,311.85,301.88,311.85
10/26/1990,0.23,0.19,0.58,1,314.76,304.71,304.71
10/19/1990,0.13,0.2,0.67,1,312.48,298.76,312.48
10/12/1990,0.21,0.27,0.52,1,313.48,295.46,300.03
10/5/1990,0.15,0.26,0.59,1,315.21,311.4,311.5
9/28/1990,0.26,0.2,0.54,1,308.26,300.97,306.05
9/21/1990,0.13,0.31,0.56,1,318.6,311.32,311.32
9/14/1990,0.16,0.33,0.51,1,322.54,316.83,316.83
9/7/1990,0.33,0.18,0.49,1,324.39,320.46,323.4
8/31/1990,0.23,0.16,0.61,1,324.19,318.71,322.56
8/24/1990,0.25,0.24,0.51,1,328.51,307.06,311.51
8/17/1990,0.18,0.23,0.59,1,340.06,327.83,327.83
8/10/1990,0.25,0.21,0.54,1,339.94,334.43,335.52
8/3/1990,0.26,0.28,0.46,1,356.15,344.86,344.86
7/27/1990,0.52,0.24,0.24,1,357.09,353.44,353.44
7/20/1990,0.4,0.3,0.3,1,368.95,361.61,361.61
7/13/1990,0.4,0.3,0.3,1,367.31,356.49,367.31
7/6/1990,0.28,0.34,0.38,1,360.16,355.68,358.42
6/29/1990,0.31,0.31,0.38,1,358.02,352.06,358.02
6/22/1990,0.34,0.32,0.34,1,360.47,355.43,355.43
6/15/1990,0.43,0.32,0.25,1,366.25,361.63,362.91
6/8/1990,0.35,0.35,0.3,1,367.4,358.71,358.71
6/1/1990,0.37,0.28,0.35,1,363.16,360.65,363.16
5/25/1990,0.39,0.32,0.29,1,359.29,354.58,354.58
5/18/1990,0.37,0.35,0.28,1,354.75,354,354.64
5/11/1990,0.28,0.38,0.34,1,352,340.53,352
5/4/1990,0.2,0.35,0.45,1,338.39,330.8,338.39
4/27/1990,0.28,0.35,0.37,1,332.92,329.11,329.11
4/20/1990,0.34,0.43,0.23,1,344.74,335.12,335.12
4/12/1990,0.27,0.56,0.17,1,344.34,341.37,344.34
4/6/1990,0.38,0.37,0.25,1,343.64,338.7,340.08
3/30/1990,0.34,0.35,0.31,1,342,337.63,339.94
3/23/1990,0.37,0.39,0.24,1,343.53,335.65,337.22
3/16/1990,0.25,0.35,0.4,1,341.91,336,341.91
3/9/1990,0.22,0.42,0.36,1,340.27,333.74,337.93
3/2/1990,0.21,0.37,0.42,1,335.54,328.67,335.54
2/23/1990,0.24,0.38,0.38,1,327.99,324.15,324.15
2/16/1990,0.23,0.43,0.34,1,334.89,330.08,332.72
2/9/1990,0.19,0.3,0.51,1,333.75,329.66,333.62
2/2/1990,0.15,0.37,0.48,1,330.92,322.98,330.92
1/26/1990,0.24,0.38,0.38,1,331.61,325.8,325.8
1/19/1990,0.31,0.49,0.2,1,340.75,337,339.15
1/12/1990,0.45,0.38,0.17,1,353.79,339.93,339.93
1/5/1990,0.4,0.3,0.3,1,359.69,352.2,352.2
12/29/1989,0.35,0.31,0.34,1,353.4,346.81,353.4
12/22/1989,0.36,0.32,0.32,1,347.42,342.46,347.42
12/15/1989,0.42,0.3,0.28,1,352.75,348.56,350.14
12/8/1989,0.31,0.41,0.28,1,351.41,347.59,348.69
12/1/1989,0.28,0.4,0.32,1,350.63,343.6,350.63
11/22/1989,0.27,0.4,0.33,1,343.97,339.35,343.97
11/17/1989,0.24,0.28,0.48,1,341.61,337.99,341.61
11/10/1989,0.27,0.37,0.36,1,339.1,332.61,339.1
11/3/1989,0.37,0.31,0.32,1,341.2,335.07,337.62
10/27/1989,0.36,0.33,0.31,1,344.83,335.06,335.06
10/20/1989,0.39,0.28,0.33,1,347.16,341.16,347.16
10/13/1989,0.28,0.52,0.2,1,359.8,333.65,333.65
10/6/1989,0.24,0.43,0.33,1,358.78,350.87,358.78
9/29/1989,0.33,0.38,0.29,1,349.15,344.23,349.15
9/22/1989,0.24,0.37,0.39,1,347.05,345.7,347.05
9/15/1989,0.31,0.44,0.25,1,348.7,343.16,345.06
9/8/1989,0.3,0.3,0.4,1,352.56,348.35,348.76
9/1/1989,0.34,0.3,0.36,1,353.73,349.84,353.73
8/25/1989,0.45,0.24,0.31,1,351.52,340.67,350.52
8/18/1989,0.35,0.28,0.37,1,346.03,343.06,346.03
8/11/1989,0.53,0.21,0.26,1,349.41,344.74,344.74
8/4/1989,0.35,0.3,0.35,1,346.08,343.75,343.92
7/28/1989,0.41,0.25,0.34,1,342.15,333.67,342.15
7/21/1989,0.32,0.39,0.29,1,335.9,331.35,335.9
7/14/1989,0.22,0.3,0.48,1,331.84,327.07,331.84
7/7/1989,0.37,0.32,0.31,1,324.91,319.23,324.91
6/30/1989,0.4,0.34,0.26,1,328.44,317.98,317.98
6/23/1989,0.33,0.22,0.45,1,328,320.48,328
6/16/1989,0.32,0.37,0.31,1,326.24,320.08,321.35
6/9/1989,0.43,0.34,0.23,1,326.95,322.03,326.69
6/2/1989,0.42,0.27,0.31,1,325.52,319.05,325.52
5/26/1989,0.48,0.31,0.21,1,321.98,318.32,321.59
5/19/1989,0.43,0.38,0.19,1,321.24,315.28,321.24
5/12/1989,0.38,0.43,0.19,1,313.84,305.19,313.84
5/5/1989,0.3,0.4,0.3,1,309.12,307.61,307.61
4/28/1989,0.31,0.4,0.29,1,309.64,306.75,309.64
4/21/1989,0.21,0.51,0.28,1,309.61,301.72,309.61
4/14/1989,0.25,0.42,0.33,1,301.36,297.11,301.36
4/7/1989,0.23,0.45,0.32,1,297.16,295.29,297.16
3/31/1989,0.18,0.42,0.4,1,294.87,290.57,294.87
3/23/1989,0.29,0.41,0.3,1,291.33,288.98,288.98
3/17/1989,0.28,0.43,0.29,1,299.44,292.69,292.69
3/10/1989,0.13,0.52,0.35,1,294.81,292.88,292.88
3/3/1989,0.29,0.35,0.36,1,291.18,287.11,291.18
2/24/1989,0.29,0.45,0.26,1,295.98,287.13,287.13
2/17/1989,0.42,0.41,0.17,1,296.76,291.81,296.76
2/10/1989,0.43,0.31,0.26,1,299.63,292.02,292.02
2/3/1989,0.33,0.44,0.23,1,297.47,294.99,296.97
1/27/1989,0.32,0.49,0.19,1,293.82,284.5,293.82
1/20/1989,0.36,0.47,0.17,1,286.9,283.55,286.63
1/13/1989,0.36,0.44,0.2,1,283.87,280.38,283.87
1/6/1989,0.26,0.51,0.23,1,280.67,275.31,280.67
12/30/1988,0.24,0.54,0.22,1,279.4,276.83,277.72
12/23/1988,0.22,0.46,0.32,1,278.91,276.87,277.87
12/16/1988,0.24,0.54,0.22,1,276.52,274.28,276.29
12/9/1988,0.17,0.44,0.39,1,278.13,274.93,277.03
12/2/1988,0.19,0.47,0.34,1,273.7,268.64,271.81
11/25/1988,0.17,0.44,0.39,1,269,266.22,267.23
11/18/1988,0.3,0.34,0.36,1,268.34,263.82,266.47
11/11/1988,0.23,0.56,0.21,1,275.15,267.92,267.92
11/4/1988,0.35,0.46,0.19,1,279.2,276.31,276.31
10/28/1988,0.4,0.38,0.22,1,282.38,277.28,278.53
10/21/1988,0.26,0.51,0.23,1,283.66,276.41,283.66
10/14/1988,0.22,0.46,0.32,1,278.24,273.98,275.5
10/7/1988,0.13,0.49,0.38,1,278.07,270.62,278.07
9/30/1988,0.26,0.44,0.3,1,272.59,268.26,271.91
9/23/1988,0.2,0.53,0.27,1,270.16,268.82,269.76
9/16/1988,0.24,0.46,0.3,1,270.65,266.47,270.65
9/9/1988,0.17,0.52,0.31,1,266.84,265.59,266.84
9/2/1988,0.18,0.43,0.39,1,264.48,258.35,264.48
8/26/1988,0.28,0.4,0.32,1,261.13,256.98,259.68
8/19/1988,0.19,0.53,0.28,1,261.03,258.69,260.24
8/12/1988,0.26,0.48,0.26,1,269.98,261.9,262.55
8/5/1988,0.21,0.49,0.3,1,272.98,271.15,271.15
7/29/1988,0.23,0.54,0.23,1,272.02,262.5,272.02
7/22/1988,0.16,0.58,0.26,1,270.51,263.5,263.5
7/15/1988,0.26,0.37,0.37,1,272.05,267.77,272.05
7/8/1988,0.35,0.5,0.15,1,275.8,270.02,270.02
7/1/1988,0.45,0.38,0.17,1,273.5,269.07,271.78
6/24/1988,0.33,0.44,0.23,1,275.66,268.94,273.78
6/17/1988,0.29,0.5,0.21,1,274.44,269.77,270.68
6/10/1988,0.28,0.49,0.23,1,271.52,265.17,271.26
6/3/1988,0.26,0.62,0.12,1,266.69,262.16,266.45
5/27/1988,0.28,0.52,0.2,1,254.63,250.83,253.42
5/20/1988,0.23,0.52,0.25,1,258.71,251.35,253.02
5/13/1988,0.19,0.56,0.25,1,257.62,253.31,256.78
5/6/1988,0.38,0.42,0.2,1,263,257.48,257.48
4/29/1988,0.22,0.48,0.3,1,263.93,261.33,261.33
4/22/1988,0.23,0.57,0.2,1,260.14,256.13,260.14
4/15/1988,0.23,0.53,0.24,1,271.55,259.75,259.77
4/8/1988,0.33,0.48,0.19,1,269.43,256.09,269.43
4/1/1988,0.35,0.45,0.2,1,260.07,258.06,258.89
3/25/1988,0.45,0.38,0.17,1,268.91,258.51,258.51
3/18/1988,0.41,0.49,0.1,1,271.22,266.13,271.12
3/11/1988,0.43,0.4,0.17,1,269.43,263.84,264.94
3/4/1988,0.38,0.4,0.22,1,267.98,267.22,267.3
2/26/1988,0.3,0.51,0.19,1,265.64,261.58,262.46
2/19/1988,0.27,0.49,0.24,1,261.61,257.91,261.61
2/12/1988,0.32,0.46,0.22,1,257.63,249.1,257.63
2/5/1988,0.32,0.53,0.15,1,255.57,250.96,250.96
1/29/1988,0.26,0.45,0.29,1,257.07,249.38,257.07
1/22/1988,0.21,0.48,0.31,1,251.88,242.63,246.5
1/15/1988,0.34,0.4,0.26,1,252.05,245.42,252.05
1/8/1988,0.34,0.46,0.2,1,261.07,243.4,243.4
12/31/1987,0.25,0.49,0.26,1,247.86,244.59,247.08
12/24/1987,0.28,0.52,0.2,1,253.16,249.54,252.02
12/18/1987,0.33,0.4,0.27,1,249.16,242.19,249.16
12/11/1987,0.23,0.45,0.32,1,238.89,228.76,235.32
12/4/1987,0.25,0.33,0.42,1,233.45,223.92,223.92
11/27/1987,0.27,0.46,0.27,1,246.39,240.34,240.34
11/20/1987,0.39,0.42,0.19,1,246.76,240.05,242
11/13/1987,0.31,0.41,0.28,1,248.52,239,245.64
11/6/1987,0.47,0.31,0.22,1,255.75,248.31,250.41
10/30/1987,0.44,0.23,0.33,1,251.79,227.67,251.79
10/23/1987,0.39,0.3,0.31,1,258.39,224.84,248.22
10/16/1987,0.37,0.3,0.33,1,314.52,282.7,282.7
10/9/1987,0.46,0.39,0.15,1,328.08,311.07,311.07
10/2/1987,0.44,0.26,0.3,1,328.07,321.69,328.07
9/25/1987,0.53,0.17,0.3,1,321.19,310.54,320.16
9/18/1987,0.6,0.29,0.11,1,323.08,314.86,314.86
9/11/1987,0.5,0.23,0.27,1,321.98,313.56,321.98
9/4/1987,0.42,0.17,0.41,1,329.79,316.7,316.7
8/28/1987,0.52,0.18,0.3,1,331.38,323.04,323.04
8/21/1987,0.66,0.28,0.06,1,335.9,329.25,335.9
8/14/1987,0.45,0.35,0.2,1,334.65,323,333.99
8/7/1987,0.56,0.15,0.29,1,323,316.23,323
7/31/1987,0.26,0.48,0.26,1,318.66,310.65,318.66
7/24/1987,0.36,0.5,0.14,1,311.39,307.81,309.27
7/17/1987,,,,,314.59,307.63,314.59
6/26/1987,,,,,,,
